


Instance: ..\Instances\bath.txt
RKO: GA | GA | GA | GA | PSO | PSO | PSO | PSO | SA | SA | SA | SA | 
Sol: 0.660 0.200 0.691 0.782 0.100 0.852 0.439 0.967 0.601 0.986 0.037 0.358 0.365 0.441 0.217 0.997 0.542 0.206 0.506 0.815 0.480 0.008 0.610 0.159 0.961 0.480 0.549 0.985 0.648 0.531 0.285 0.671 0.454 0.280 0.424 0.199 0.653 0.680 0.573 0.674 0.618 0.450 0.702 0.377 0.749 0.419 0.584 0.732 0.507 0.470 0.766 0.826 0.062 0.232 0.828 0.840 0.820 0.520 0.566 0.788 0.651 0.183 0.776 0.237 0.867 0.939 0.026 0.666 0.001 0.255 0.925 0.756 0.202 0.593 0.524 0.945 0.432 0.128 0.271 0.882 0.982 0.823 0.466 0.249 0.694 0.604 0.399 0.575 0.215 0.527 0.887 0.115 0.441 0.053 0.305 0.688 0.015 0.760 0.316 0.274 0.266 0.648 0.147 0.407 0.260 0.841 0.548 0.027 0.554 0.648 0.968 0.807 0.889 0.156 0.283 0.239 0.923 0.095 0.155 0.020 0.526 0.252 0.532 0.670 0.667 0.670 0.579 0.857 0.612 0.401 0.944 0.405 0.954 0.012 0.872 0.000 0.003 0.087 0.689 0.808 0.669 0.648 0.404 0.238 0.117 0.191 0.994 0.114 0.829 0.755 0.174 0.281 0.287 0.776 0.733 0.888 0.996 0.933 0.010 0.938 0.895 0.837 0.606 0.704 0.606 0.279 0.590 0.858 0.076 0.844 0.038 0.958 0.354 0.693 0.313 0.204 0.309 0.312 0.930 0.484 0.800 0.952 0.203 0.707 0.905 0.014 0.728 0.776 0.284 0.192 0.457 0.008 0.453 0.108 0.376 0.115 0.034 0.380 0.901 0.095 0.909 0.454 0.863 0.881 0.417 0.829 0.236 0.472 0.993 0.777 0.052 0.158 0.245 0.816 0.358 0.373 0.948 0.090 0.966 0.379 0.152 0.239 0.972 0.326 0.170 0.338 0.750 0.440 0.471 0.300 0.598 0.214 0.015 0.187 0.389 0.812 0.933 0.089 0.469 0.377 0.726 0.121 0.944 0.522 0.685 0.047 0.741 0.190 0.196 0.668 0.504 0.978 0.920 0.223 0.098 0.768 0.661 0.827 0.677 0.395 0.486 0.004 0.097 0.537 0.577 0.197 0.128 0.031 0.755 0.979 0.431 0.194 0.711 0.075 0.022 0.144 0.693 0.435 0.998 0.511 0.731 0.241 0.736 0.028 0.070 0.010 0.268 0.476 0.773 0.886 0.092 0.210 0.737 0.289 0.489 0.927 0.145 0.450 0.841 0.159 0.787 0.119 0.451 0.824 0.956 0.605 0.125 0.556 0.436 0.217 0.036 0.759 0.672 0.045 0.979 0.006 0.447 0.755 0.161 0.994 0.763 0.887 0.328 0.970 0.881 0.196 0.222 0.153 0.251 0.272 0.979 0.130 0.533 0.916 0.652 0.335 0.226 0.605 0.664 0.642 0.788 0.590 0.358 0.605 0.913 0.060 0.480 0.153 0.989 0.739 0.965 0.831 0.002 0.441 0.901 0.411 0.884 0.443 0.621 0.126 0.001 0.332 0.047 0.644 0.977 0.346 0.233 0.004 0.067 0.487 0.630 0.775 0.739 0.474 0.859 0.921 0.902 0.284 0.717 0.154 0.300 0.422 0.794 0.364 0.308 0.246 0.015 0.460 0.683 0.282 0.906 0.933 0.605 0.866 0.596 0.451 0.031 0.506 0.664 0.293 0.860 0.936 0.858 0.080 0.562 0.277 0.602 0.076 0.640 0.916 0.832 0.351 0.006 0.686 0.974 0.639 0.371 0.802 0.764 0.870 0.152 0.651 0.042 0.919 0.119 0.887 0.029 0.867 0.901 0.556 0.830 0.264 0.221 0.818 0.226 0.244 0.725 0.998 0.187 0.643 0.965 0.220 0.080 0.293 0.247 0.813 0.911 0.903 0.556 0.628 0.494 0.856 0.686 0.878 0.015 0.608 0.679 0.701 0.296 0.825 0.304 0.081 0.672 0.440 0.302 0.873 0.820 0.026 0.595 0.541 0.809 0.587 0.727 0.168 0.763 0.934 0.390 0.703 0.462 0.343 0.671 0.339 0.634 0.394 0.172 0.483 0.146 0.361 0.602 0.516 0.568 0.751 0.588 0.047 0.828 0.517 0.908 0.100 0.761 0.486 0.420 0.677 0.128 0.625 0.775 0.843 0.978 0.551 0.226 0.656 0.298 0.770 0.380 0.330 0.698 0.318 0.017 0.450 0.956 0.530 0.180 0.842 0.801 0.034 0.491 0.796 0.927 0.953 0.785 0.038 0.154 0.048 0.361 0.770 0.685 0.444 0.639 0.541 0.946 0.179 0.223 0.240 0.409 0.093 0.644 0.136 0.281 0.475 0.587 0.874 0.932 0.720 0.609 0.550 0.718 0.175 0.595 0.081 0.206 0.562 0.369 0.414 0.838 0.542 0.229 0.120 0.219 0.695 0.061 0.734 0.174 0.491 0.894 0.826 0.945 0.650 0.733 0.643 0.152 0.647 0.969 0.851 0.177 0.132 0.762 0.513 0.993 0.774 0.359 0.769 0.968 0.054 0.401 0.675 0.144 0.369 0.835 0.926 0.731 0.499 0.788 0.854 0.955 0.582 0.677 0.065 0.430 0.106 0.273 0.372 0.406 0.906 0.545 0.997 0.671 0.319 0.067 0.904 0.847 0.512 0.881 0.655 0.309 0.674 0.090 0.052 0.672 0.814 0.251 0.870 0.983 0.206 0.484 0.351 0.528 0.811 0.768 0.705 0.562 0.107 0.494 0.374 0.641 0.146 0.671 0.534 0.579 0.731 0.280 0.341 0.155 0.250 0.251 0.524 0.715 0.532 0.907 0.748 0.402 0.757 0.688 0.760 0.834 0.376 0.789 0.137 0.836 0.520 0.629 0.992 0.490 0.378 0.833 0.366 0.422 0.929 0.081 0.789 0.588 0.849 0.981 0.199 0.524 0.350 0.263 0.247 0.179 0.721 0.612 0.350 0.192 0.828 0.408 0.305 0.686 0.429 0.708 0.821 0.190 0.880 0.958 0.828 0.189 0.710 0.371 0.726 0.764 0.568 0.075 0.739 0.918 0.433 0.463 0.860 0.658 0.205 0.511 0.507 0.931 0.651 0.387 0.485 0.312 0.233 0.932 0.653 0.747 0.654 0.363 0.927 0.377 0.712 0.993 0.084 0.551 0.646 0.677 0.148 0.591 0.145 0.459 0.616 0.206 0.061 0.909 0.285 0.946 0.083 0.034 0.792 0.870 0.758 0.079 0.703 0.321 0.443 0.683 0.404 0.126 0.290 0.295 0.321 0.788 0.316 0.135 0.019 0.752 0.366 0.937 0.538 0.656 0.379 0.600 0.804 0.203 0.750 0.859 0.229 0.482 0.756 0.532 0.597 0.597 0.151 0.924 0.140 0.248 0.343 0.275 0.373 0.176 0.923 0.145 0.658 0.689 0.966 0.064 0.602 0.699 0.650 0.171 0.103 0.196 0.526 0.819 0.183 0.143 0.741 0.366 0.531 0.060 0.140 0.793 0.616 0.827 0.369 0.959 0.050 0.746 0.982 0.836 0.780 0.614 0.659 0.376 0.042 0.766 0.727 0.318 0.918 0.612 0.318 0.592 0.667 0.869 0.146 0.746 0.300 0.105 0.975 0.571 0.747 0.643 0.111 0.771 0.070 0.634 0.054 0.093 0.778 0.221 0.403 0.944 0.033 0.989 0.429 0.306 0.332 0.700 0.609 0.405 0.263 0.735 0.834 0.859 0.727 0.507 0.017 0.504 0.533 0.057 0.540 0.531 0.634 0.851 0.705 0.038 0.391 0.369 0.799 0.775 0.064 0.936 0.212 0.362 0.376 0.243 0.174 0.951 0.971 0.884 0.182 0.451 0.461 0.605 0.425 0.884 0.966 0.484 0.527 0.570 0.994 0.513 0.646 0.470 0.067 0.208 0.728 0.532 0.359 
ofv: 52.000000
Best time: 19.046
Total time:30.119 


Instance: ..\Instances\bath.txt
RKO: SA | SA | SA | SA | 
Sol: 0.263 0.789 0.190 0.241 0.135 0.313 0.189 0.155 0.943 0.882 0.324 0.777 0.921 0.877 0.182 0.595 0.623 0.987 0.230 0.652 0.905 0.274 0.617 0.528 0.739 0.651 0.204 0.220 0.189 0.900 0.185 0.789 0.260 0.029 0.072 0.376 0.117 0.192 0.095 0.539 0.996 0.492 0.361 0.367 0.280 0.340 0.312 0.017 0.687 0.379 0.202 0.265 0.760 0.268 0.793 0.768 0.719 0.570 0.413 0.992 0.825 0.688 0.626 0.270 0.932 0.505 0.285 0.817 0.007 0.835 0.313 0.391 0.160 0.699 0.058 0.819 0.438 0.683 0.195 0.344 0.833 0.002 0.816 0.213 0.962 0.797 0.647 0.879 0.769 0.420 0.589 0.941 0.030 0.156 0.111 0.196 0.595 0.505 0.320 0.226 0.415 0.211 0.772 0.761 0.320 0.847 0.687 0.046 0.694 0.033 0.957 0.666 0.919 0.518 0.087 0.328 0.285 0.617 0.923 0.205 0.717 0.027 0.346 0.303 0.166 0.910 0.128 0.513 0.465 0.378 0.215 0.315 0.550 0.896 0.874 0.829 0.972 0.592 0.737 0.133 0.211 0.610 0.669 0.692 0.774 0.798 0.927 0.062 0.101 0.864 0.004 0.416 0.957 0.046 0.117 0.301 0.461 0.565 0.007 0.311 0.050 0.979 0.591 0.648 0.504 0.606 0.193 0.748 0.738 0.152 0.026 0.394 0.011 0.847 0.771 0.370 0.622 0.948 0.607 0.106 0.362 0.081 0.834 0.624 0.297 0.135 0.331 0.581 0.750 0.960 0.447 0.370 0.776 0.499 0.347 0.437 0.603 0.594 0.656 0.381 0.447 0.089 0.741 0.350 0.058 0.640 0.154 0.779 0.228 0.767 0.024 0.882 0.292 0.732 0.713 0.447 0.610 0.148 0.101 0.508 0.888 0.379 0.650 0.549 0.357 0.408 0.410 0.848 0.451 0.225 0.470 0.014 0.284 0.222 0.325 0.624 0.982 0.687 0.625 0.255 0.917 0.922 0.720 0.088 0.890 0.692 0.114 0.854 0.986 0.928 0.408 0.951 0.620 0.977 0.196 0.406 0.415 0.148 0.262 0.810 0.596 0.315 0.548 0.519 0.712 0.404 0.092 0.039 0.293 0.878 0.552 0.570 0.576 0.782 0.186 0.541 0.455 0.214 0.971 0.026 0.785 0.319 0.535 0.031 0.104 0.105 0.096 0.831 0.584 0.620 0.712 0.074 0.178 0.115 0.489 0.048 0.318 0.056 0.492 0.009 0.323 0.994 0.453 0.016 0.445 0.725 0.618 0.238 0.222 0.230 0.080 0.765 0.845 0.974 0.994 0.904 0.473 0.564 0.882 0.739 0.904 0.039 0.816 0.448 0.213 0.306 0.731 0.560 0.886 0.107 0.524 0.737 0.622 0.226 0.367 0.699 0.949 0.149 0.550 0.147 0.909 0.804 0.060 0.891 0.114 0.117 0.221 0.335 0.674 0.268 0.378 0.585 0.033 0.534 0.794 0.181 0.261 0.714 0.911 0.894 0.767 0.978 0.728 0.923 0.812 0.031 0.335 0.532 0.261 0.029 0.081 0.345 0.191 0.114 0.135 0.292 0.768 0.033 0.058 0.195 0.335 0.341 0.676 0.865 0.673 0.831 0.897 0.172 0.570 0.222 0.495 0.224 0.993 0.335 0.313 0.187 0.461 0.212 0.663 0.128 0.560 0.394 0.878 0.452 0.863 0.722 0.822 0.373 0.955 0.011 0.757 0.062 0.021 0.560 0.381 0.264 0.513 0.274 0.586 0.415 0.005 0.756 0.012 0.105 0.548 0.818 0.337 0.191 0.817 0.694 0.803 0.891 0.912 0.823 0.934 0.535 0.897 0.337 0.533 0.665 0.847 0.032 0.721 0.898 0.761 0.148 0.782 0.424 0.709 0.646 0.301 0.220 0.809 0.274 0.172 0.635 0.954 0.540 0.339 0.114 0.510 0.053 0.161 0.495 0.671 0.235 0.696 0.516 0.089 0.941 0.858 0.203 0.821 0.609 0.289 0.131 0.908 0.456 0.362 0.760 0.471 0.800 0.199 0.766 0.852 0.260 0.874 0.264 0.946 0.592 0.687 0.423 0.184 0.535 0.636 0.718 0.206 0.174 0.835 0.976 0.962 0.403 0.733 0.750 0.806 0.144 0.964 0.816 0.869 0.669 0.337 0.071 0.951 0.950 0.288 0.119 0.740 0.198 0.544 0.144 0.328 0.381 0.083 0.195 0.415 0.248 0.963 0.231 0.169 0.730 0.663 0.676 0.835 0.564 0.408 0.963 0.616 0.514 0.790 0.189 0.066 0.942 0.794 0.669 0.435 0.513 0.543 0.312 0.713 0.473 0.543 0.456 0.967 0.641 0.381 0.647 0.730 0.176 0.741 0.250 0.211 0.436 0.232 0.222 0.812 0.973 0.824 0.864 0.475 0.246 0.325 0.127 0.032 0.654 0.576 0.360 0.329 0.386 0.901 0.560 0.280 0.329 0.105 0.203 0.574 0.466 0.383 0.549 0.581 0.256 0.194 0.619 0.493 0.199 0.905 0.328 0.103 0.372 0.731 0.716 0.559 0.785 0.664 0.117 0.152 0.457 0.928 0.463 0.661 0.963 0.537 0.429 0.184 0.811 0.913 0.493 0.281 0.948 0.304 0.442 0.549 0.409 0.532 0.511 0.778 0.112 0.673 0.500 0.775 0.402 0.699 0.773 0.049 0.439 0.755 0.905 0.067 0.320 0.989 0.428 0.110 0.196 0.942 0.289 0.399 0.925 0.576 0.087 0.840 0.482 0.293 0.530 0.030 0.710 0.765 0.829 0.169 0.430 0.480 0.621 0.749 0.709 0.709 0.108 0.746 0.744 0.316 0.481 0.362 0.700 0.897 0.782 0.624 0.527 0.297 0.259 0.618 0.885 0.136 0.433 0.506 0.891 0.111 0.290 0.129 0.803 0.615 0.196 0.374 0.128 0.415 0.659 0.407 0.341 0.856 0.768 0.220 0.427 0.183 0.868 0.187 0.338 0.197 0.992 0.466 0.962 0.820 0.926 0.313 0.414 0.524 0.747 0.488 0.337 0.396 0.044 0.621 0.860 0.053 0.842 0.201 0.816 0.880 0.233 0.527 0.040 0.960 0.276 0.293 0.014 0.968 0.370 0.463 0.382 0.723 0.611 0.834 0.914 0.537 0.197 0.714 0.463 0.745 0.280 0.126 0.144 0.052 0.926 0.285 0.502 0.206 0.193 0.246 0.980 0.719 0.108 0.971 0.360 0.975 0.672 0.229 0.747 0.121 0.214 0.593 0.769 0.062 0.064 0.052 0.418 0.786 0.594 0.237 0.557 0.596 0.777 0.217 0.523 0.485 0.768 0.967 0.234 0.300 0.846 0.539 0.958 0.546 0.788 0.959 0.918 0.870 0.608 0.553 0.829 0.097 0.726 0.497 0.780 0.116 0.649 0.912 0.332 0.966 0.721 0.703 0.543 0.339 0.673 0.819 0.652 0.461 0.818 0.609 0.412 0.161 0.088 0.215 0.156 0.448 0.839 0.641 0.206 0.853 0.180 0.352 0.970 0.636 0.037 0.552 0.231 0.392 0.639 0.813 0.582 0.109 0.363 0.714 0.541 0.796 0.638 0.162 0.931 0.181 0.031 0.353 0.716 0.046 0.330 0.437 0.278 0.140 0.963 0.214 0.191 0.949 0.134 0.943 0.218 0.393 0.695 0.223 0.940 0.653 0.771 0.756 0.258 0.326 0.257 0.551 0.348 0.521 0.982 0.978 0.154 0.424 0.224 0.794 0.937 0.804 0.638 0.690 0.532 0.083 0.755 0.863 0.821 0.519 0.586 0.517 0.713 0.724 0.119 0.032 0.518 0.770 0.325 0.146 0.604 0.786 0.031 0.813 0.331 0.625 0.766 0.662 0.531 0.924 0.992 0.192 0.623 
ofv: 51.000000
Best time: 17.425
Total time:30.191 


Instance: ..\Instances\bath.txt
RKO: PSO | PSO | PSO | PSO | 
Sol: 0.106 0.787 0.194 0.139 0.028 0.119 0.543 0.115 0.008 0.682 0.169 0.498 0.028 0.540 0.146 0.516 0.914 0.226 0.710 0.221 0.825 0.520 0.295 0.820 0.165 0.808 0.547 0.082 0.566 0.402 0.366 0.292 0.740 0.681 0.650 0.206 0.968 0.721 0.412 0.490 0.837 0.120 0.888 0.194 0.443 0.178 0.994 0.515 0.204 0.411 0.500 0.672 0.431 0.387 0.143 0.300 0.015 0.575 0.546 0.036 0.034 0.862 0.392 0.299 0.281 0.616 0.442 0.989 0.006 0.182 0.821 0.704 0.970 0.308 0.644 0.909 0.072 0.604 0.225 0.315 0.256 0.137 0.909 0.742 0.886 0.107 0.557 0.407 0.557 0.260 0.478 0.882 0.035 0.383 0.457 0.413 0.087 0.746 0.461 0.217 0.644 0.582 0.641 0.563 0.913 0.190 0.396 0.061 0.365 0.675 0.713 0.892 0.981 0.809 0.657 0.110 0.478 0.814 0.939 0.013 0.078 0.563 0.420 0.793 0.448 0.219 0.559 0.724 0.735 0.970 0.706 0.732 0.732 0.965 0.665 0.023 0.809 0.414 0.193 0.042 0.894 0.713 0.491 0.719 0.355 0.711 0.939 0.053 0.139 0.982 0.131 0.505 0.049 0.492 0.410 0.283 0.985 0.293 0.710 0.263 0.086 0.589 0.281 0.500 0.561 0.852 0.595 0.257 0.188 0.408 0.849 0.366 0.808 0.328 0.527 0.560 0.881 0.565 0.870 0.284 0.687 0.867 0.262 0.309 0.580 0.639 0.223 0.068 0.196 0.609 0.788 0.686 0.542 0.422 0.845 0.069 0.608 0.553 0.468 0.542 0.038 0.613 0.510 0.262 0.812 0.019 0.039 0.237 0.897 0.506 0.042 0.929 0.356 0.424 0.803 0.786 0.266 0.178 0.837 0.460 0.500 0.696 0.649 0.031 0.344 0.522 0.977 0.489 0.382 0.054 0.508 0.949 0.115 0.139 0.755 0.294 0.683 0.827 0.428 0.492 0.480 0.395 0.560 0.550 0.047 0.581 0.774 0.427 0.915 0.305 0.524 0.310 0.870 0.593 0.495 0.472 0.896 0.696 0.773 0.539 0.528 0.489 0.481 0.703 0.589 0.952 0.200 0.997 0.685 0.510 0.803 0.744 0.776 0.145 0.032 0.164 0.438 0.249 0.795 0.910 0.432 0.446 0.699 0.115 0.660 0.764 0.288 0.484 0.125 0.135 0.725 0.649 0.590 0.825 0.320 0.024 0.798 0.632 0.783 0.645 0.752 0.680 0.072 0.031 0.165 0.550 0.297 0.853 0.301 0.044 0.152 0.589 0.593 0.370 0.094 0.911 0.153 0.149 0.777 0.114 0.422 0.763 0.704 0.485 0.129 0.939 0.177 0.252 0.065 0.116 0.042 0.215 0.296 0.025 0.288 0.521 0.991 0.002 0.451 0.308 0.342 0.303 0.354 0.875 0.343 0.932 0.522 0.366 0.937 0.812 0.527 0.959 0.216 0.860 0.543 0.233 0.065 0.201 0.081 0.676 0.915 0.821 0.171 0.014 0.254 0.598 0.146 0.016 0.381 0.274 0.688 0.942 0.077 0.212 0.309 0.140 0.134 0.958 0.905 0.778 0.076 0.482 0.608 0.084 0.868 0.002 0.849 0.242 0.959 0.340 0.094 0.966 0.408 0.583 0.262 0.235 0.771 0.782 0.249 0.676 0.113 0.703 0.908 0.891 0.166 0.446 0.898 0.392 0.018 0.348 0.660 0.622 0.027 0.449 0.719 0.670 0.749 0.420 0.122 0.712 0.288 0.556 0.749 0.907 0.007 0.910 0.625 0.707 0.082 0.961 0.614 0.449 0.666 0.829 0.438 0.110 0.125 0.110 0.466 0.047 0.344 0.008 0.636 0.463 0.819 0.725 0.626 0.663 0.128 0.074 0.590 0.327 0.309 0.889 0.037 0.223 0.459 0.243 0.673 0.571 0.961 0.295 0.281 0.937 0.905 0.902 0.115 0.373 0.618 0.277 0.741 0.513 0.796 0.980 0.238 0.803 0.844 0.548 0.271 0.713 0.243 0.599 0.651 0.214 0.147 0.172 0.203 0.493 0.291 0.805 0.905 0.448 0.508 0.039 0.257 0.718 0.035 0.411 0.352 0.421 0.277 0.635 0.488 0.499 0.817 0.520 0.639 0.753 0.023 0.053 0.954 0.320 0.508 0.909 0.868 0.145 0.193 0.218 0.175 0.689 0.706 0.654 0.198 0.209 0.636 0.271 0.799 0.365 0.017 0.482 0.754 0.503 0.696 0.180 0.363 0.520 0.974 0.847 0.694 0.765 0.356 0.967 0.075 0.316 0.360 0.797 0.891 0.550 0.547 0.069 0.507 0.854 0.901 0.077 0.687 0.578 0.450 0.862 0.955 0.985 0.301 0.860 0.253 0.119 0.786 0.735 0.939 0.920 0.179 0.337 0.202 0.339 0.891 0.632 0.141 0.479 0.376 0.679 0.682 0.387 0.149 0.555 0.777 0.563 0.835 0.623 0.635 0.476 0.440 0.373 0.899 0.162 0.091 0.282 0.704 0.827 0.093 0.315 0.693 0.432 0.078 0.155 0.456 0.161 0.480 0.377 0.832 0.594 0.963 0.439 0.353 0.242 0.944 0.651 0.098 0.876 0.151 0.524 0.458 0.474 0.191 0.937 0.732 0.395 0.803 0.272 0.890 0.404 0.411 0.517 0.265 0.511 0.960 0.550 0.921 0.971 0.231 0.221 0.207 0.663 0.925 0.299 0.572 0.939 0.853 0.969 0.691 0.767 0.208 0.905 0.688 0.266 0.430 0.484 0.762 0.795 0.407 0.542 0.956 0.583 0.893 0.220 0.889 0.968 0.190 0.370 0.676 0.232 0.133 0.925 0.814 0.117 0.325 0.120 0.900 0.753 0.640 0.299 0.299 0.994 0.291 0.686 0.477 0.951 0.653 0.548 0.150 0.596 0.123 0.823 0.105 0.558 0.566 0.428 0.739 0.743 0.654 0.818 0.285 0.858 0.237 0.204 0.226 0.541 0.503 0.226 0.986 0.927 0.203 0.283 0.396 0.839 0.871 0.644 0.701 0.907 0.765 0.553 0.680 0.727 0.051 0.572 0.563 0.711 0.465 0.830 0.560 0.331 0.090 0.247 0.123 0.481 0.678 0.376 0.367 0.147 0.353 0.106 0.548 0.897 0.116 0.789 0.646 0.022 0.644 0.470 0.118 0.047 0.230 0.038 0.201 0.397 0.731 0.262 0.399 0.986 0.278 0.342 0.857 0.696 0.857 0.288 0.064 0.579 0.224 0.132 0.929 0.587 0.608 0.714 0.658 0.970 0.452 0.163 0.264 0.801 0.694 0.326 0.160 0.587 0.952 0.716 0.613 0.955 0.690 0.890 0.716 0.323 0.765 0.990 0.324 0.478 0.976 0.165 0.925 0.874 0.385 0.255 0.969 0.984 0.626 0.014 0.789 0.906 0.790 0.564 0.043 0.701 0.858 0.154 0.597 0.503 0.051 0.343 0.994 0.906 0.662 0.125 0.618 0.376 0.614 0.834 0.080 0.716 0.549 0.674 0.840 0.711 0.550 0.879 0.870 0.178 0.481 0.933 0.689 0.889 0.985 0.687 0.756 0.668 0.388 0.946 0.872 0.543 0.756 0.418 0.714 0.722 0.353 0.771 0.557 0.329 0.864 0.523 0.876 0.601 0.425 0.112 0.510 0.885 0.066 0.527 0.449 0.122 0.247 0.729 0.508 0.914 0.254 0.218 0.113 0.887 0.125 0.865 0.347 0.788 0.209 0.520 0.748 0.517 0.637 0.821 0.378 0.352 0.756 0.567 0.497 0.592 0.992 0.547 0.455 0.564 0.790 0.842 0.686 0.855 0.740 0.763 0.048 0.077 0.099 0.114 0.874 0.094 0.934 0.064 0.758 0.697 0.647 0.370 
ofv: 53.000000
Best time: 21.111
Total time:30.128 


Instance: ..\Instances\brighton.txt
RKO: GA | GA | GA | GA | 
Sol: 0.937 0.242 0.795 0.639 0.189 0.667 0.770 0.003 0.982 0.463 0.008 0.483 0.016 0.485 0.305 0.863 0.296 0.380 0.575 0.436 0.002 0.023 0.274 0.603 0.056 0.330 0.124 0.508 0.315 0.312 0.361 0.050 0.279 0.281 0.846 0.532 0.001 0.257 0.144 0.796 0.316 0.928 0.599 0.581 0.096 0.526 0.447 0.956 0.612 0.173 0.459 0.333 0.246 0.308 0.085 0.454 0.369 0.687 0.388 0.509 0.030 0.348 0.957 0.970 0.883 0.013 0.064 0.005 0.489 0.365 0.003 0.079 0.062 0.640 0.993 0.438 0.424 0.231 0.789 0.065 0.437 0.016 0.392 0.948 0.964 0.167 0.436 0.819 0.507 0.196 0.667 0.005 0.179 0.289 0.603 0.332 0.818 0.098 0.748 0.315 0.616 0.126 0.440 0.394 0.050 0.805 0.610 0.656 0.499 0.457 0.003 0.700 0.874 0.987 0.287 0.485 0.730 0.714 0.052 0.033 0.117 0.542 0.949 0.402 0.269 0.020 0.827 0.931 0.539 0.132 0.968 0.682 0.614 0.734 0.007 0.945 0.804 0.279 0.165 0.334 0.001 0.936 0.424 0.974 0.886 0.178 0.331 0.850 0.805 0.839 0.099 0.027 0.280 0.236 0.935 0.316 0.737 0.103 0.634 0.495 0.418 0.615 0.962 0.423 0.637 0.020 0.473 0.516 0.007 0.178 0.767 0.323 0.186 0.234 0.180 0.128 0.181 0.065 0.332 0.355 0.298 0.789 0.640 0.864 0.665 0.108 0.252 0.894 0.012 0.743 0.641 0.600 0.075 0.997 0.319 0.456 0.389 0.533 0.212 0.230 0.262 0.810 0.448 0.897 0.709 0.476 0.894 0.569 0.772 0.200 0.096 0.804 0.522 0.840 0.779 0.959 0.880 0.270 0.850 0.725 0.027 0.124 0.195 0.451 0.031 0.923 0.790 0.171 0.342 0.015 0.492 0.035 0.340 0.305 0.490 0.526 0.116 0.842 0.722 0.374 0.024 0.087 0.615 0.145 0.903 0.861 0.833 0.575 0.711 0.160 0.737 0.951 0.986 0.530 0.444 0.158 0.276 0.049 0.232 0.282 0.596 0.174 0.799 0.934 0.985 0.151 0.576 0.364 0.488 0.995 0.007 0.289 0.114 0.156 0.435 0.720 0.360 0.114 0.888 0.985 0.622 0.438 0.847 0.595 0.829 0.056 0.526 0.685 0.489 0.414 0.535 0.115 0.207 0.213 0.999 0.135 0.892 0.073 0.717 0.089 0.501 0.064 0.229 0.012 0.644 0.954 0.005 0.429 0.419 0.327 0.037 0.658 0.156 0.042 0.025 0.646 0.732 0.008 0.231 0.043 0.647 0.941 0.469 0.796 0.821 0.042 0.086 0.797 0.690 0.279 0.655 0.069 0.240 0.228 0.800 0.895 0.842 0.703 0.507 0.104 0.001 0.406 0.032 0.056 0.437 0.604 0.228 0.320 0.008 0.800 0.670 0.210 0.936 0.778 0.763 0.666 0.068 0.271 0.353 0.912 0.173 0.544 0.095 0.414 0.159 0.168 0.693 0.860 0.031 0.963 0.255 0.034 0.003 0.451 0.334 0.190 0.720 0.806 0.042 0.131 0.802 0.820 0.015 0.856 0.884 0.655 0.641 0.386 0.841 0.231 0.202 0.464 0.305 0.478 0.776 0.383 0.876 0.800 0.012 0.489 0.633 0.143 0.771 0.616 0.094 0.723 0.705 0.170 0.675 0.039 0.426 0.008 0.634 0.365 0.814 0.022 0.551 0.052 0.990 0.316 0.091 0.039 0.622 0.469 0.817 0.284 0.891 0.572 0.877 0.960 0.882 0.870 0.676 0.439 0.257 0.931 0.307 0.289 0.181 0.263 0.380 0.143 0.545 0.467 0.504 0.456 0.339 0.618 0.768 0.672 0.872 0.204 0.341 0.796 0.976 0.508 0.962 0.329 0.828 0.797 0.828 0.724 0.920 0.331 0.633 0.001 0.390 0.250 0.876 0.634 0.001 0.091 0.616 0.014 0.499 0.990 0.635 0.238 0.209 0.878 0.104 0.230 0.398 0.654 0.159 0.705 0.175 0.914 0.472 0.471 0.520 0.879 0.348 0.915 0.829 0.309 0.786 0.711 0.101 0.966 0.026 0.919 0.099 0.448 0.313 0.142 0.988 0.870 0.327 0.951 0.579 0.783 0.506 0.174 0.370 0.369 0.756 0.136 0.790 0.943 0.748 0.594 0.831 0.025 0.791 0.253 0.783 0.282 0.492 0.391 0.377 0.794 0.076 0.676 0.416 0.243 0.746 0.927 0.958 0.050 0.085 0.978 0.267 0.706 0.121 0.524 0.882 0.080 0.125 0.287 0.961 0.214 0.533 0.787 0.618 0.012 0.837 0.047 0.381 0.877 0.430 0.984 0.708 0.548 0.963 0.755 0.449 0.552 0.230 0.521 0.756 0.778 0.724 0.314 0.411 0.871 0.729 0.416 0.818 0.349 0.181 0.952 0.912 0.364 0.583 0.857 0.839 0.664 0.880 0.263 0.499 0.600 0.118 0.087 0.291 0.494 0.061 0.037 0.973 0.388 0.940 0.081 0.962 0.135 0.635 0.498 0.191 0.581 0.817 0.584 0.460 0.206 0.067 0.364 0.811 0.279 0.098 0.512 0.830 0.308 0.641 0.775 0.894 0.259 0.761 0.254 0.071 0.202 0.930 0.951 0.912 0.132 0.993 0.274 0.070 0.569 0.009 0.107 0.387 0.979 0.434 0.820 0.566 0.114 0.773 0.680 0.506 0.525 0.401 0.219 0.267 0.417 0.374 0.393 0.274 0.334 0.355 0.541 0.696 0.667 0.219 0.349 0.858 0.455 0.484 0.550 0.908 0.055 0.162 0.288 0.359 0.865 0.603 0.123 0.109 0.800 0.787 0.543 0.886 0.544 0.903 0.869 0.102 0.488 0.800 0.656 0.218 0.474 0.573 0.392 0.388 0.426 0.504 0.702 0.854 0.700 0.683 0.452 0.517 0.843 0.680 0.828 0.985 0.538 0.566 0.256 0.548 0.190 0.006 0.380 0.336 0.192 0.584 0.890 0.176 0.346 0.266 0.499 0.664 0.207 0.769 0.202 0.671 0.649 0.788 0.318 0.826 0.426 0.959 0.810 0.692 0.027 0.576 0.664 0.652 0.425 0.914 0.987 0.864 0.486 0.245 0.742 0.334 0.707 0.499 0.209 0.430 0.230 0.722 0.331 0.185 0.162 0.026 0.433 0.550 0.706 0.500 0.543 0.963 0.282 0.297 0.852 0.160 0.858 0.389 0.601 0.178 0.257 0.611 0.454 0.087 0.114 0.523 0.153 0.624 0.671 0.786 0.091 0.408 0.698 0.467 0.970 0.098 0.958 0.613 0.809 0.504 0.921 0.451 0.385 0.413 0.741 0.222 0.042 0.188 0.975 0.078 0.532 0.991 0.979 0.748 0.852 0.720 0.406 0.839 0.641 0.957 0.057 0.793 0.048 0.874 0.392 0.599 0.504 0.421 0.296 0.998 0.265 0.432 0.471 0.372 0.724 0.441 0.021 0.806 0.423 0.843 0.038 0.179 0.519 0.183 0.463 0.192 0.530 0.242 0.203 0.260 0.270 0.349 0.388 0.784 0.074 0.289 0.120 0.844 0.779 0.851 0.587 0.565 0.669 0.406 0.764 0.322 0.235 0.453 0.329 0.645 0.764 0.112 0.155 0.169 0.663 0.595 0.349 0.795 0.524 0.256 0.612 0.169 0.885 0.231 0.365 0.883 0.775 0.657 0.349 0.716 0.381 0.330 0.963 0.151 0.792 0.126 0.970 0.748 0.842 0.906 0.197 0.258 0.972 0.025 0.578 0.057 0.862 0.539 0.192 0.554 0.401 0.620 0.062 0.271 0.406 0.197 0.068 0.764 0.525 0.265 0.822 0.572 0.337 0.063 0.454 0.681 0.883 0.541 0.184 0.478 0.084 0.681 0.420 0.807 0.335 0.315 0.651 0.296 0.552 0.078 0.223 0.694 0.288 0.994 0.483 0.771 0.481 0.496 0.817 0.770 0.411 0.340 0.984 0.999 0.722 0.209 0.740 0.603 0.657 0.733 0.206 0.694 0.672 0.371 0.222 0.957 0.420 0.082 0.390 0.650 0.190 0.642 0.596 0.675 0.787 0.985 0.400 0.022 0.287 0.171 0.676 0.470 0.622 0.454 0.356 0.398 0.341 0.549 0.102 
ofv: 35.000000
Best time: 20.317
Total time:30.093 


Instance: ..\Instances\brighton.txt
RKO: SA | SA | SA | SA | 
Sol: 0.460 0.972 0.970 0.567 0.750 0.836 0.826 0.572 0.047 0.380 0.852 0.710 0.603 0.065 0.519 0.861 0.776 0.820 0.182 0.139 0.843 0.131 0.737 0.496 0.460 0.759 0.269 0.739 0.741 0.127 0.017 0.347 0.395 0.329 0.203 0.422 0.297 0.389 0.838 0.458 0.763 0.915 0.979 0.539 0.165 0.589 0.455 0.548 0.308 0.322 0.660 0.160 0.894 0.775 0.137 0.403 0.007 0.514 0.467 0.464 0.059 0.205 0.411 0.346 0.111 0.795 0.995 0.285 0.621 0.177 0.531 0.982 0.025 0.646 0.355 0.516 0.614 0.287 0.649 0.104 0.569 0.972 0.952 0.319 0.456 0.148 0.457 0.016 0.025 0.488 0.687 0.656 0.076 0.701 0.838 0.986 0.429 0.540 0.651 0.700 0.966 0.771 0.022 0.903 0.105 0.570 0.627 0.846 0.307 0.096 0.978 0.377 0.672 0.389 0.469 0.321 0.742 0.491 0.244 0.658 0.201 0.348 0.276 0.374 0.420 0.104 0.007 0.514 0.501 0.525 0.988 0.919 0.941 0.303 0.081 0.600 0.751 0.681 0.465 0.407 0.040 0.040 0.222 0.100 0.703 0.191 0.685 0.840 0.847 0.336 0.395 0.959 0.003 0.277 0.739 0.860 0.565 0.248 0.795 0.028 0.280 0.242 0.269 0.699 0.669 0.756 0.696 0.935 0.013 0.296 0.604 0.326 0.104 0.643 0.771 0.938 0.957 0.116 0.011 0.395 0.944 0.580 0.352 0.845 0.329 0.158 0.635 0.022 0.238 0.138 0.518 0.748 0.395 0.605 0.650 0.225 0.228 0.340 0.857 0.602 0.692 0.413 0.006 0.905 0.278 0.926 1.000 0.542 0.172 0.530 0.054 0.943 0.198 0.087 0.684 0.661 0.100 0.792 0.821 0.908 0.661 0.229 0.663 0.155 0.882 0.599 0.222 0.758 0.059 0.053 0.878 0.495 0.070 0.192 0.597 0.500 0.632 0.018 0.985 0.300 0.846 0.235 0.794 0.728 0.065 0.904 0.233 0.719 0.983 0.799 0.044 0.007 0.731 0.132 0.235 0.453 0.687 0.038 0.078 0.621 0.856 0.172 0.046 0.293 0.752 0.412 0.901 0.132 0.897 0.118 0.003 0.945 0.899 0.488 0.680 0.357 0.964 0.421 0.186 0.067 0.908 0.379 0.564 0.348 0.053 0.002 0.348 0.271 0.844 0.282 0.195 0.298 0.399 0.825 0.896 0.469 0.088 0.699 0.332 0.944 0.538 0.354 0.072 0.340 0.265 0.413 0.150 0.477 0.925 0.368 0.061 0.478 0.548 0.248 0.859 0.879 0.887 0.555 0.860 0.494 0.370 0.096 0.510 0.912 0.084 0.944 0.406 0.299 0.017 0.424 0.000 0.240 0.524 0.449 0.704 0.472 0.820 0.715 0.629 0.063 0.939 0.570 0.824 0.558 0.238 0.299 0.076 0.816 0.114 0.433 0.974 0.704 0.484 0.827 0.511 0.320 0.113 0.825 0.670 0.318 0.306 0.057 0.163 0.404 0.040 0.998 0.919 0.314 0.806 0.020 0.851 0.782 0.488 0.017 0.029 0.696 0.032 0.111 0.125 0.694 0.579 0.091 0.130 0.774 0.975 0.339 0.462 0.876 0.170 0.494 0.713 0.490 0.871 0.999 0.122 0.602 0.725 0.528 0.073 0.861 0.519 0.184 0.285 0.055 0.124 0.165 0.040 0.519 0.460 0.271 0.059 0.915 0.441 0.308 0.275 0.011 0.124 0.693 0.722 0.476 0.628 0.890 0.786 0.873 0.700 0.752 0.448 0.341 0.146 0.951 0.135 0.287 0.532 0.920 0.183 0.320 0.773 0.261 0.675 0.679 0.201 0.310 0.911 0.016 0.039 0.045 0.112 0.842 0.467 0.851 0.802 0.530 0.599 0.357 0.372 0.483 0.646 0.463 0.306 0.670 0.958 0.156 0.642 0.215 0.351 0.881 0.613 0.305 0.116 0.917 0.665 0.203 0.434 0.416 0.889 0.323 0.697 0.508 0.835 0.015 0.406 0.593 0.936 0.451 0.471 0.429 0.947 0.242 0.371 0.784 0.357 0.658 0.773 0.724 0.626 0.853 0.270 0.871 0.593 0.923 0.625 0.936 0.110 0.077 0.629 0.310 0.967 0.080 0.162 0.944 0.243 0.353 0.394 0.584 0.464 0.773 0.035 0.610 0.550 0.588 0.999 0.439 0.182 0.626 0.929 0.740 0.186 0.793 0.163 0.086 0.321 0.096 0.421 0.117 0.695 0.754 0.370 0.684 0.622 0.136 0.313 0.922 0.510 0.486 0.361 0.801 0.877 0.969 0.732 0.883 0.449 0.352 0.172 0.795 0.674 0.183 0.093 0.076 0.633 0.542 0.417 0.596 0.555 0.188 0.787 0.920 0.750 0.165 0.420 0.461 0.548 0.071 0.887 0.974 0.339 0.666 0.697 0.099 0.197 0.902 0.994 0.584 0.258 0.320 0.322 0.634 0.564 0.493 0.925 0.839 0.194 0.791 0.375 0.136 0.553 0.580 0.971 0.519 0.071 0.675 0.072 0.319 0.779 0.277 0.325 0.401 0.403 0.512 0.156 0.712 0.668 0.241 0.483 0.954 0.073 0.955 0.054 0.597 0.587 0.890 0.536 0.804 0.230 0.424 0.874 0.647 0.635 0.389 0.155 0.422 0.370 0.306 0.064 0.085 0.162 0.232 0.699 0.613 0.766 0.187 0.488 0.797 0.321 0.785 0.205 0.561 0.266 0.256 0.389 0.275 0.053 0.537 0.896 0.212 0.626 0.137 0.969 0.916 0.559 0.981 0.168 0.645 0.074 0.349 0.209 0.532 0.191 0.421 0.225 0.582 0.997 0.623 0.803 0.973 0.041 0.630 0.425 0.688 0.122 0.045 0.450 0.128 0.100 0.812 0.619 0.396 0.642 0.544 0.335 0.753 0.979 0.569 0.216 0.358 0.704 0.076 0.048 0.987 0.730 0.617 0.063 0.898 0.198 0.203 0.237 0.709 0.929 0.591 0.148 0.131 0.317 0.568 0.257 0.558 0.287 0.594 0.742 0.108 0.241 0.753 0.396 0.753 0.813 0.710 0.431 0.480 0.706 0.670 0.584 0.924 0.622 0.968 0.702 0.396 0.540 0.868 0.363 0.991 0.717 0.305 0.459 0.212 0.394 0.195 0.741 0.053 0.670 0.510 0.342 0.866 0.406 0.199 0.565 0.135 0.695 0.038 0.075 0.335 0.029 0.035 0.048 0.449 0.078 0.226 0.390 0.109 0.983 0.200 0.828 0.979 0.328 0.492 0.398 0.291 0.700 0.803 0.780 0.929 0.111 0.886 0.340 0.404 0.623 0.367 0.124 0.384 0.154 0.120 0.997 0.468 0.591 0.789 0.892 0.611 0.606 0.930 0.487 0.529 0.666 0.906 0.580 0.126 0.614 0.825 0.683 0.105 0.249 0.443 0.914 0.968 0.190 0.778 0.527 0.062 0.099 0.493 0.428 0.992 0.791 0.618 0.793 0.025 0.722 0.177 0.769 0.225 0.101 0.349 0.120 0.756 0.028 0.998 0.492 0.649 0.750 0.301 0.442 0.829 0.805 0.125 0.933 0.323 0.654 0.970 0.536 0.554 0.767 0.133 0.835 0.654 0.756 0.768 0.051 0.738 0.489 0.404 0.492 0.346 0.480 0.766 0.424 0.570 0.875 0.770 0.274 0.833 0.816 0.153 0.267 0.393 0.203 0.423 0.836 0.072 0.733 0.130 0.893 0.947 0.802 0.916 0.333 0.688 0.532 0.168 0.420 0.323 0.059 0.910 0.181 0.091 0.759 0.519 0.495 0.286 0.823 0.813 0.386 0.614 0.057 0.482 0.810 0.865 0.143 0.253 0.824 0.328 0.913 0.992 0.405 0.484 0.437 0.561 0.393 0.527 0.503 0.501 0.130 0.758 0.633 0.644 0.910 0.600 0.589 0.181 0.430 0.888 0.708 0.242 0.748 0.188 0.226 0.763 0.226 0.254 0.865 0.962 0.898 0.526 0.949 0.593 0.423 0.648 0.851 0.549 0.068 0.847 0.040 0.216 0.932 0.035 0.145 0.126 0.278 0.691 0.345 0.922 0.815 0.428 0.552 0.695 0.187 0.114 0.145 0.301 0.769 0.955 0.151 0.492 0.902 0.444 0.146 0.155 0.050 0.734 0.679 0.127 
ofv: 34.000000
Best time: 16.699
Total time:30.139 


Instance: ..\Instances\brighton.txt
RKO: PSO | PSO | PSO | PSO | 
Sol: 0.119 0.034 0.938 0.049 0.555 0.423 0.211 0.673 0.844 0.037 0.037 0.319 0.593 0.440 0.271 0.427 0.357 0.839 0.807 0.881 0.583 0.005 0.343 0.486 0.710 0.773 0.156 0.192 0.238 0.638 0.008 0.009 0.454 0.451 0.985 0.734 0.212 0.698 0.978 0.781 0.083 0.988 0.986 0.549 0.860 0.879 0.605 0.592 0.024 0.651 0.345 0.842 0.495 0.167 0.363 0.739 0.969 0.915 0.771 0.628 0.007 0.763 0.632 0.045 0.335 0.835 0.774 0.952 0.759 0.116 0.392 0.316 0.015 0.070 0.885 0.727 0.375 0.019 0.023 0.367 0.768 0.518 0.165 0.161 0.072 0.614 0.661 0.719 0.485 0.439 0.111 0.111 0.400 0.647 0.848 0.756 0.554 0.907 0.937 0.362 0.746 0.956 0.104 0.539 0.021 0.621 0.669 0.384 0.473 0.406 0.445 0.382 0.607 0.708 0.436 0.085 0.307 0.739 0.506 0.992 0.511 0.016 0.134 0.032 0.448 0.262 0.948 0.723 0.181 0.673 0.741 0.462 0.245 0.390 0.920 0.948 0.795 0.570 0.623 0.529 0.006 0.160 0.253 0.725 0.434 0.147 0.611 0.494 0.002 0.905 0.108 0.626 0.254 0.245 0.280 0.114 0.447 0.384 0.187 0.371 0.454 0.731 0.120 0.291 0.315 0.158 0.235 0.706 0.033 0.817 0.828 0.048 0.318 0.748 0.639 0.608 0.268 0.387 0.516 0.761 0.322 0.965 0.466 0.131 0.625 0.569 0.900 0.031 0.861 0.812 0.658 0.848 0.018 0.956 0.493 0.986 0.403 0.460 0.034 0.075 0.991 0.431 0.528 0.027 0.613 0.920 0.088 0.449 0.041 0.477 0.642 0.795 0.945 0.112 0.966 0.925 0.679 0.602 0.899 0.763 0.967 0.162 0.610 0.293 0.568 0.834 0.031 0.248 0.064 0.014 0.282 0.750 0.097 0.438 0.039 0.866 0.529 0.648 0.097 0.104 0.410 0.555 0.595 0.298 0.628 0.897 0.269 0.546 0.202 0.357 0.982 0.985 0.842 0.735 0.719 0.146 0.384 0.515 0.472 0.933 0.683 0.662 0.419 0.638 0.524 0.140 0.979 0.755 0.078 0.263 0.218 0.051 0.478 0.310 0.221 0.169 0.206 0.005 0.976 0.524 0.072 0.031 0.696 0.211 0.287 0.855 0.361 0.706 0.491 0.015 0.946 0.134 0.489 0.129 0.774 0.108 0.373 0.457 0.546 0.681 0.475 0.182 0.206 0.700 0.085 0.202 0.574 0.409 0.424 0.865 0.032 0.636 0.638 0.887 0.087 0.082 0.278 0.588 0.894 0.819 0.645 0.800 0.201 0.422 0.902 0.232 0.260 0.725 0.710 0.649 0.832 0.940 0.618 0.809 0.751 0.819 0.857 0.464 0.008 0.340 0.287 0.007 0.614 0.504 0.470 0.003 0.759 0.898 0.243 0.381 0.208 0.122 0.676 0.103 0.075 0.363 0.875 0.775 0.707 0.279 0.326 0.582 0.175 0.986 0.736 0.060 0.786 0.583 0.261 0.788 0.924 0.195 0.410 0.906 0.585 0.255 0.995 0.753 0.749 0.884 0.528 0.115 0.430 0.841 0.243 0.612 0.757 0.780 0.696 0.736 0.185 0.484 0.681 0.436 0.339 0.145 0.200 0.060 0.553 0.508 0.172 0.013 0.536 0.367 0.542 0.123 0.455 0.312 0.962 0.753 0.439 0.636 0.226 0.019 0.898 0.011 0.718 0.632 0.434 0.471 0.252 0.558 0.843 0.352 0.293 0.081 0.425 0.434 0.664 0.209 0.346 0.023 0.103 0.589 0.658 0.612 0.940 0.301 0.964 0.585 0.561 0.486 0.041 0.433 0.514 0.388 0.629 0.945 0.323 0.401 0.870 0.308 0.764 0.992 0.208 0.794 0.324 0.528 0.071 0.979 0.671 0.437 0.400 0.499 0.764 0.003 0.481 0.397 0.618 0.406 0.839 0.019 0.306 0.005 0.762 0.217 0.525 0.004 0.969 0.494 0.273 0.923 0.276 0.286 0.453 0.885 0.081 0.929 0.657 0.930 0.506 0.906 0.404 0.929 0.871 0.962 0.096 0.180 0.176 0.373 0.215 0.550 0.308 0.588 0.651 0.286 0.158 0.458 0.876 0.451 0.789 0.358 0.480 0.124 0.681 0.975 0.218 0.408 0.674 0.893 0.795 0.682 0.632 0.922 0.748 0.945 0.577 0.761 0.780 0.595 0.901 0.451 0.180 0.553 0.304 0.305 0.245 0.420 0.217 0.841 0.797 0.164 0.434 0.193 0.839 0.470 0.137 0.204 0.785 0.281 0.900 0.684 0.279 0.881 0.075 0.093 0.071 0.515 0.482 0.022 0.187 0.860 0.826 0.914 0.752 0.225 0.816 0.600 0.437 0.871 0.679 0.401 0.913 0.791 0.901 0.330 0.951 0.840 0.918 0.038 0.858 0.996 0.631 0.275 0.980 0.463 0.943 0.134 0.831 0.682 0.640 0.229 0.031 0.841 0.944 0.491 0.873 0.059 0.805 0.587 0.463 0.023 0.755 0.067 0.737 0.090 0.552 0.858 0.835 0.199 0.483 0.127 0.831 0.360 0.766 0.155 0.185 0.619 0.358 0.117 0.145 0.377 0.571 0.832 0.434 0.629 0.244 0.041 0.356 0.936 0.244 0.101 0.484 0.593 0.598 0.660 0.214 0.666 0.811 0.468 0.190 0.532 0.154 0.812 0.665 0.236 0.262 0.515 0.168 0.672 0.652 0.159 0.702 0.939 0.607 0.454 0.837 0.044 0.338 0.437 0.670 0.420 0.153 0.333 0.988 0.766 0.380 0.776 0.782 0.212 0.194 0.996 0.581 0.647 0.337 0.579 0.399 0.381 0.317 0.254 0.491 0.993 0.874 0.896 0.427 0.995 0.494 0.993 0.048 0.873 0.710 0.580 0.142 0.252 0.530 0.729 0.918 0.370 0.781 0.236 0.678 0.730 0.774 0.946 0.825 0.629 0.533 0.196 0.989 0.305 0.691 0.078 0.225 0.740 0.610 0.071 0.379 0.232 0.438 0.774 0.180 0.620 0.821 0.057 0.311 0.800 0.463 0.982 0.690 0.867 0.941 0.094 0.653 0.853 0.897 0.165 0.682 0.747 0.376 0.258 0.858 0.850 0.251 0.071 0.419 0.042 0.733 0.994 0.544 0.405 0.210 0.555 0.239 0.463 0.361 0.508 0.421 0.552 0.416 0.258 0.625 0.643 0.906 0.892 0.130 0.364 0.750 0.406 0.825 0.627 0.386 0.349 0.154 0.173 0.497 0.171 0.643 0.822 0.258 0.726 0.891 0.095 0.155 0.893 0.981 0.811 0.920 0.732 0.667 0.635 0.077 0.581 0.156 0.372 0.730 0.780 0.014 0.048 0.710 0.753 0.125 0.303 0.826 0.351 0.991 0.339 0.381 0.250 0.331 0.118 0.609 0.025 0.615 0.384 0.630 0.923 0.691 0.161 0.176 0.171 0.518 0.641 0.107 0.850 0.025 0.966 0.170 0.215 0.043 0.065 0.034 0.471 0.209 0.520 0.354 0.415 0.993 0.512 0.168 0.911 0.030 0.504 0.319 0.476 0.006 0.596 0.675 0.464 0.945 0.737 0.535 0.709 0.047 0.934 0.163 0.438 0.452 0.657 0.176 0.666 0.816 0.510 0.020 0.896 0.928 0.206 0.566 0.045 0.805 0.099 0.117 0.256 0.684 0.194 0.812 0.496 0.877 0.254 0.342 0.759 0.250 0.437 0.239 0.870 0.496 0.811 0.540 0.871 0.012 0.235 0.746 0.303 0.408 0.611 0.882 0.197 0.104 0.890 0.652 0.058 0.323 0.313 0.409 0.549 0.569 0.061 0.393 0.603 0.868 0.390 0.711 0.149 0.685 0.570 0.613 0.598 0.297 0.915 0.449 0.962 0.894 0.696 0.808 0.872 0.672 0.182 0.432 0.648 0.093 0.515 0.940 0.544 0.199 0.823 0.356 0.648 0.963 0.138 0.432 0.465 0.092 0.238 0.795 0.061 0.345 0.716 0.560 0.558 0.298 0.665 0.209 0.789 0.475 0.326 0.977 0.211 0.935 0.341 0.715 0.436 0.116 0.233 0.669 0.759 0.751 0.509 0.772 0.247 0.292 0.366 0.275 0.113 0.396 0.508 0.617 0.229 
ofv: 35.000000
Best time: 17.132
Total time:30.140 


Instance: ..\Instances\cardiff.txt
RKO: GA | GA | GA | GA | 
Sol: 0.517 0.856 0.735 0.987 0.327 0.893 0.305 0.107 0.379 0.004 0.549 0.351 0.239 0.256 0.630 0.225 0.729 0.068 0.425 0.434 0.908 0.622 0.765 0.062 0.395 0.060 0.591 0.580 0.391 0.511 0.218 0.189 0.255 0.597 0.335 0.042 0.077 0.927 0.722 0.485 0.668 0.472 0.328 0.208 0.470 0.326 0.665 0.119 0.081 0.454 0.678 0.006 0.765 0.912 0.471 0.596 0.666 0.263 0.433 0.227 0.992 0.148 0.282 0.078 0.422 0.731 0.804 0.547 0.366 0.806 0.057 0.042 0.664 0.242 0.780 0.456 0.276 0.776 0.683 0.739 0.670 0.302 0.971 0.289 0.119 0.283 0.001 0.145 0.542 0.389 0.964 0.232 0.721 0.160 0.712 0.130 0.083 0.167 0.337 0.245 0.941 0.335 0.336 0.238 0.082 0.544 0.706 0.589 0.314 0.077 0.119 0.919 0.929 0.162 0.173 0.703 0.978 0.767 0.814 0.747 0.151 0.621 0.122 0.308 0.092 0.379 0.327 0.889 0.705 0.982 0.313 0.513 0.720 0.841 0.407 0.426 0.450 0.396 0.036 0.076 0.720 0.766 0.973 0.936 0.392 0.324 0.521 0.665 0.562 0.898 0.552 0.481 0.954 0.293 0.059 0.225 0.522 0.304 0.684 0.980 0.106 0.206 0.162 0.017 0.590 0.822 0.807 0.415 0.111 0.021 0.061 0.027 0.336 0.879 0.160 0.334 0.261 0.422 0.459 0.276 0.202 0.460 0.229 0.444 0.797 0.129 0.584 0.067 0.779 0.393 0.922 0.496 0.195 0.845 0.434 0.881 0.628 0.584 0.093 0.621 0.195 0.978 0.691 0.871 0.331 0.580 0.144 0.287 0.392 0.219 0.181 0.275 0.909 0.484 0.610 0.783 0.004 0.054 0.821 0.231 0.368 0.303 0.140 0.932 0.057 0.122 0.579 0.620 0.295 0.109 0.236 0.129 0.474 0.568 0.609 0.884 0.057 0.396 0.956 0.091 0.344 0.656 0.062 0.817 0.457 0.184 0.169 0.640 0.846 0.879 0.264 0.870 0.830 0.176 0.219 0.020 0.959 0.452 0.391 0.113 0.488 0.749 0.643 0.830 0.511 0.004 0.748 0.211 0.227 0.200 0.375 0.062 0.321 0.501 0.139 0.408 0.786 0.988 0.018 0.570 0.286 0.181 0.991 0.666 0.517 0.573 0.102 0.845 0.403 0.977 0.187 0.642 0.212 0.486 0.564 0.968 0.239 0.434 0.071 0.216 0.706 0.653 0.102 0.636 0.012 0.272 0.218 0.722 0.210 0.104 0.910 0.572 0.046 0.505 0.887 0.988 0.211 0.529 0.846 0.124 0.495 0.159 0.826 0.666 0.017 0.173 0.627 0.701 0.101 0.049 0.792 0.089 0.577 0.005 0.673 0.477 0.197 0.154 0.777 0.117 0.138 0.530 0.899 0.618 0.656 0.154 0.713 0.405 0.466 0.235 0.902 0.652 0.532 0.797 0.389 0.074 0.158 0.230 0.171 0.109 0.046 0.901 0.451 0.982 0.469 0.779 0.011 0.933 0.393 0.577 0.493 0.112 0.587 0.869 0.011 0.822 0.136 0.005 0.369 0.461 0.921 0.177 0.941 0.807 0.198 0.397 0.532 0.618 0.320 0.538 0.945 0.326 0.532 0.832 0.898 0.431 0.569 0.880 0.519 0.514 0.700 0.925 0.347 0.824 0.490 0.233 0.735 0.086 0.311 0.177 0.853 0.015 0.421 0.960 0.701 0.183 0.001 0.748 0.093 0.965 0.012 0.861 0.670 0.503 0.985 0.306 0.147 0.124 0.885 0.912 0.994 0.339 0.121 0.116 0.235 0.629 0.138 0.090 0.185 0.488 0.351 0.435 0.797 0.192 0.114 0.954 0.167 0.219 0.982 0.576 0.565 0.092 0.793 0.061 0.720 0.417 0.103 0.243 0.930 0.163 0.177 0.667 0.404 0.714 0.134 0.510 0.839 0.839 0.408 0.583 0.745 0.431 0.819 0.549 0.934 0.334 0.587 0.637 0.373 0.216 0.656 0.557 0.511 0.834 0.445 0.934 0.000 0.702 0.667 0.942 0.340 0.124 0.605 0.871 0.820 0.022 0.071 0.625 0.744 0.407 0.565 0.172 0.090 0.717 0.456 0.252 0.495 0.308 0.229 0.153 0.185 0.046 0.431 0.848 0.698 0.982 0.420 0.678 0.093 0.017 0.153 0.551 0.673 0.334 0.639 0.516 0.153 0.366 0.448 0.044 0.428 0.080 0.925 0.824 0.403 0.827 0.803 0.009 0.829 0.206 0.601 0.648 0.035 0.871 0.721 0.644 0.081 0.731 0.198 0.177 0.250 0.449 0.756 0.774 0.038 0.591 0.944 0.196 0.887 0.681 0.058 0.661 0.281 0.624 0.293 0.243 0.672 0.468 0.783 0.745 0.664 0.553 0.592 0.858 0.718 0.674 0.298 0.212 0.277 0.392 0.744 0.689 0.870 0.096 0.117 0.240 0.814 0.692 0.232 0.474 0.127 0.889 0.949 0.363 0.965 0.646 0.910 0.158 0.850 0.839 0.381 0.089 0.609 0.601 0.842 0.444 0.575 0.638 0.211 0.331 0.677 0.881 0.987 0.380 0.879 0.588 0.729 0.438 0.950 0.160 0.299 0.326 0.337 0.840 0.755 0.018 0.241 0.887 0.771 0.870 0.981 0.654 0.651 0.597 0.637 0.022 0.849 0.956 0.770 0.795 0.988 0.924 0.783 0.635 0.347 0.465 0.693 0.598 0.777 0.474 0.705 0.328 0.301 0.454 0.233 0.080 0.431 0.220 0.575 0.766 0.442 0.887 0.450 0.533 0.980 0.403 0.624 0.833 0.738 0.340 0.439 0.776 0.987 0.611 0.118 0.293 0.592 0.828 0.360 0.293 0.412 0.618 0.615 0.776 0.774 0.888 0.599 0.192 0.374 0.037 0.332 0.665 0.204 0.279 0.086 0.854 0.424 0.742 0.653 0.326 0.764 0.773 0.969 0.975 0.242 0.527 0.194 0.571 0.457 0.660 0.975 0.355 0.593 0.836 0.327 0.480 1.000 0.764 0.273 0.848 0.096 0.622 0.056 0.150 0.756 0.278 0.456 0.705 0.368 0.384 0.018 0.480 0.179 0.595 0.793 0.272 0.571 0.264 0.928 0.494 0.928 0.718 0.946 0.147 0.612 0.804 0.612 0.279 0.185 0.785 0.534 0.290 0.844 0.888 0.400 0.854 0.861 0.616 0.301 0.324 0.939 0.025 0.331 0.516 0.107 0.601 0.429 0.225 0.971 0.432 0.798 0.958 0.105 0.300 0.818 0.163 0.840 0.988 0.575 0.536 0.393 0.076 0.213 0.049 0.154 0.222 0.075 0.410 0.833 0.990 0.350 0.017 0.667 0.387 0.675 0.340 0.892 0.728 0.692 0.607 0.780 0.041 0.568 0.134 0.660 0.720 0.494 0.097 0.264 0.723 0.278 0.797 0.424 0.065 0.554 0.415 0.301 0.672 0.292 0.801 0.146 0.264 0.363 0.824 0.889 0.506 0.702 0.182 0.240 0.317 0.005 0.950 0.988 0.734 0.481 0.525 0.657 0.591 0.605 0.924 0.378 0.670 0.372 0.366 0.477 0.208 0.983 0.107 0.413 0.262 0.871 0.092 0.787 0.900 0.523 0.190 0.026 0.056 0.022 0.863 0.754 0.578 0.279 0.415 0.810 0.178 1.000 0.285 0.250 0.786 0.921 0.654 0.867 0.517 0.265 0.878 0.916 0.206 0.726 0.450 0.693 0.733 0.372 0.258 0.695 0.997 0.462 0.864 0.602 0.907 0.956 0.628 0.506 0.551 0.530 0.305 0.210 0.134 0.977 0.337 0.724 0.740 0.746 0.506 0.268 0.776 0.321 0.891 0.606 0.451 0.541 0.666 0.999 0.370 0.716 0.794 0.735 0.672 0.613 0.334 0.259 0.810 0.467 0.689 0.639 0.074 0.811 0.225 0.054 0.734 0.724 0.024 0.868 0.996 0.867 0.313 0.351 0.976 0.338 0.442 0.483 0.555 0.656 0.490 0.400 0.396 0.677 0.729 0.795 0.229 0.780 0.820 0.297 0.380 0.663 0.962 0.143 0.666 0.798 0.079 0.846 0.920 0.123 0.443 0.407 0.710 0.803 0.724 0.985 0.654 0.050 0.639 0.895 0.908 0.063 0.097 0.396 0.935 0.721 0.009 0.989 0.037 0.908 0.386 0.145 0.212 0.911 0.058 0.160 0.361 0.563 0.249 0.797 0.802 0.298 0.361 0.300 0.168 0.968 0.655 0.479 0.868 0.762 0.852 0.067 0.332 0.194 0.149 0.174 0.035 0.635 0.596 0.522 0.619 0.949 0.086 0.942 0.604 0.831 0.273 0.240 0.852 0.687 0.559 0.488 0.097 0.885 0.598 0.904 0.469 0.990 0.388 0.569 0.036 0.110 0.472 0.652 0.734 0.945 0.800 0.920 0.073 0.234 0.168 0.568 0.541 0.611 0.411 0.727 0.510 0.419 0.972 0.044 0.511 0.871 0.677 0.796 0.808 0.441 0.781 0.988 0.865 0.865 0.134 0.580 0.787 0.902 0.487 0.208 0.270 0.186 0.300 0.981 0.422 0.920 0.500 0.159 0.646 0.158 0.490 0.206 0.140 0.276 0.978 0.249 0.389 0.830 0.029 0.743 0.095 0.640 0.155 0.967 0.377 0.633 0.241 0.601 0.952 0.259 0.427 0.136 0.638 0.622 0.524 0.896 0.338 0.116 0.840 0.152 0.680 0.891 0.500 0.589 0.707 0.304 0.382 0.529 0.726 0.572 0.346 0.587 0.057 0.048 
ofv: 58.000000
Best time: 24.954
Total time:30.215 


Instance: ..\Instances\cardiff.txt
RKO: SA | SA | SA | SA | 
Sol: 0.715 0.113 0.456 0.580 0.005 0.174 0.100 0.450 0.631 0.831 0.297 0.471 0.599 0.007 0.376 0.035 0.671 0.315 0.910 0.866 0.425 0.508 0.909 0.053 0.484 0.083 0.843 0.607 0.174 0.006 0.066 0.332 0.033 0.012 0.479 0.543 0.844 0.289 0.296 0.612 0.707 0.407 0.319 0.517 0.132 0.566 0.812 0.452 0.373 0.812 0.093 0.788 0.141 0.432 0.745 0.266 0.772 0.410 0.002 0.761 0.600 0.378 0.169 0.067 0.246 0.798 0.349 0.029 0.027 0.882 0.929 0.128 0.382 0.700 0.017 0.133 0.278 0.300 0.283 0.769 0.745 0.640 0.045 0.186 0.487 0.445 0.196 0.022 0.327 0.947 0.057 0.469 0.333 0.133 0.152 0.463 0.627 0.203 0.094 0.704 0.574 0.179 0.430 0.565 0.402 0.339 0.423 0.896 0.121 0.010 0.091 0.212 0.870 0.541 0.630 0.851 0.113 0.501 0.912 0.548 0.632 0.517 0.168 0.362 0.473 0.973 0.025 0.251 0.867 0.432 0.042 0.719 0.886 0.613 0.960 0.807 0.423 0.830 0.114 0.667 0.215 0.299 0.181 0.351 0.228 0.829 0.692 0.591 0.927 0.318 0.377 0.092 0.417 0.066 0.187 0.625 0.013 0.281 0.727 0.741 0.060 0.519 0.306 0.002 0.456 0.963 0.680 0.732 0.027 0.658 0.778 0.002 0.585 0.006 0.976 0.767 0.240 0.347 0.871 0.621 0.974 0.084 0.301 0.433 0.344 0.838 0.634 0.962 0.974 0.784 0.975 0.970 0.882 0.707 0.775 0.297 0.734 0.670 0.848 0.351 0.794 0.699 0.497 0.274 0.866 0.344 0.705 0.627 0.597 0.378 0.378 0.495 0.719 0.533 0.557 0.247 0.170 0.356 0.817 0.061 0.982 0.050 0.325 0.697 0.707 0.264 0.500 0.696 0.483 0.624 0.145 0.856 0.998 0.345 0.611 0.579 0.503 0.976 0.837 0.288 0.997 0.193 0.498 0.160 0.929 0.635 0.446 0.000 0.514 0.011 0.938 0.660 0.947 0.033 0.072 0.868 0.190 0.024 0.027 0.162 0.849 0.955 0.987 0.290 0.500 0.833 0.323 0.391 0.612 0.666 0.854 0.203 0.609 0.823 0.391 0.070 0.805 0.951 0.386 0.003 0.114 0.457 0.181 0.061 0.270 0.664 0.450 0.893 0.763 0.733 0.590 0.001 0.706 0.735 0.350 0.229 0.564 0.442 0.044 0.265 0.781 0.129 0.257 0.062 0.009 0.047 0.187 0.130 0.890 0.365 0.620 0.551 0.972 0.471 0.945 0.693 0.029 0.177 0.227 0.762 0.709 0.700 0.827 0.415 0.395 0.468 0.141 0.372 0.238 0.018 0.821 0.732 0.633 0.616 0.049 0.089 0.744 0.710 0.040 0.001 0.574 0.037 0.312 0.970 0.343 0.307 0.183 0.076 0.593 0.633 0.257 0.460 0.390 0.552 0.137 0.018 0.847 0.679 0.619 0.935 0.591 0.436 0.464 0.010 0.208 0.036 0.950 0.705 0.609 0.534 0.818 0.033 0.891 0.994 0.430 0.712 0.801 0.111 0.474 0.141 0.111 0.076 0.304 0.261 0.301 0.915 0.729 0.125 0.968 0.760 0.900 0.475 0.206 0.725 0.322 0.966 0.688 0.927 0.227 0.533 0.256 0.837 0.560 0.330 0.867 0.944 0.314 0.573 0.060 0.779 0.623 0.208 0.905 0.584 0.069 0.251 0.001 0.410 0.603 0.617 0.327 0.971 0.008 0.309 0.365 0.729 0.753 0.267 0.143 0.719 0.734 0.793 0.033 0.252 0.553 0.118 0.649 0.241 0.731 0.267 0.665 0.038 0.806 0.522 0.410 0.360 0.209 0.997 0.011 0.330 0.190 0.238 0.603 0.770 0.745 0.095 0.550 0.683 0.376 0.140 0.054 0.149 0.951 0.934 0.285 0.407 0.936 0.301 0.456 0.001 0.971 0.642 0.323 0.672 0.743 0.553 0.358 0.773 0.960 0.960 0.104 0.090 0.950 0.058 0.696 0.846 0.368 0.056 0.872 0.109 0.672 0.256 0.569 0.067 0.137 0.018 0.483 0.812 0.482 0.082 0.643 0.991 0.063 0.271 0.750 0.125 0.386 0.299 0.978 0.928 0.126 0.427 0.646 0.860 0.781 0.643 0.297 0.157 0.318 0.604 0.422 0.896 0.993 0.883 0.008 0.912 0.042 0.470 0.835 0.518 0.767 0.412 0.130 0.679 0.912 0.801 0.826 0.343 0.629 0.016 0.737 0.803 0.947 0.062 0.635 0.149 0.157 0.182 0.440 0.398 0.425 0.822 0.505 0.975 0.072 0.331 0.130 0.156 0.456 0.147 0.411 0.745 0.066 0.215 0.242 0.569 0.857 0.436 0.862 0.642 0.909 0.967 0.474 0.939 0.123 0.519 0.681 0.350 0.289 0.534 0.971 0.692 0.862 0.116 0.056 0.124 0.852 0.429 0.423 0.816 0.661 0.480 0.473 0.377 0.720 0.296 0.977 0.256 0.396 0.249 0.972 0.654 0.754 0.891 0.881 0.540 0.252 0.383 0.052 0.502 0.861 0.467 0.554 0.859 0.300 0.310 0.743 0.890 0.716 0.368 0.911 0.498 0.258 0.827 0.292 0.906 0.044 0.478 0.342 0.664 0.056 0.328 0.851 0.355 0.671 0.215 0.724 0.079 0.057 0.031 0.673 0.646 0.527 0.467 0.172 0.178 0.799 0.107 0.767 0.155 0.054 0.949 0.197 0.388 0.849 0.275 0.423 0.417 0.747 0.361 0.422 0.270 0.237 0.580 0.541 0.296 0.742 0.066 0.293 0.970 0.828 0.813 0.247 0.216 0.148 0.037 0.844 0.388 0.551 0.059 0.031 0.806 0.851 0.890 0.674 0.396 0.481 0.192 0.595 0.577 0.668 0.650 0.066 0.313 0.920 0.330 0.738 0.496 0.575 0.297 0.104 0.700 0.531 0.690 0.911 0.582 0.600 0.798 0.141 0.631 0.119 0.884 0.108 0.178 0.422 0.946 0.429 0.898 0.041 0.162 0.220 0.354 0.377 0.059 0.429 0.118 0.315 0.255 0.023 0.465 0.439 0.019 0.514 0.287 0.742 0.195 0.287 0.416 0.012 0.163 0.346 0.905 0.309 0.089 0.929 0.397 0.336 0.973 0.387 0.569 0.743 0.243 0.931 0.880 0.330 0.929 0.439 0.174 0.165 0.169 0.967 0.571 0.865 0.693 0.087 0.964 0.240 0.702 0.706 0.614 0.356 0.677 0.856 0.738 0.661 0.460 0.498 0.082 0.482 0.537 0.604 0.327 0.166 0.707 0.307 0.048 0.446 0.158 0.776 0.607 0.164 0.918 0.196 0.899 0.555 0.562 0.353 0.929 0.823 0.239 0.020 0.871 0.716 0.517 0.647 0.102 0.790 0.760 0.589 0.816 0.253 0.586 0.825 0.772 0.966 0.601 0.461 0.106 0.257 0.254 0.880 0.406 0.111 0.695 0.538 0.665 0.686 0.015 0.613 0.346 0.284 0.505 0.367 0.853 0.875 0.141 0.298 0.361 0.698 0.951 0.136 0.134 0.535 0.767 0.355 0.076 0.603 0.032 0.667 0.996 0.715 0.644 0.755 0.155 0.822 0.043 0.173 0.486 0.824 0.890 0.439 0.558 0.363 0.171 0.909 0.990 0.390 0.971 0.899 0.031 0.766 0.813 0.643 0.631 0.013 0.610 0.731 0.425 0.075 0.818 0.320 0.231 0.824 0.878 0.325 0.745 0.357 0.667 0.047 0.608 0.728 0.285 0.778 0.855 0.258 0.958 0.375 0.489 0.653 0.192 0.992 0.124 0.279 0.471 0.653 0.541 0.681 0.526 0.736 0.218 0.858 0.877 0.939 0.366 0.684 0.311 0.977 0.025 0.858 0.825 0.693 0.486 0.652 0.810 0.463 0.352 0.840 0.276 0.260 0.749 0.507 0.800 0.776 0.827 0.164 0.011 0.885 0.199 0.727 0.098 0.941 0.486 0.400 0.936 0.159 0.698 0.478 0.047 0.229 0.480 0.713 0.755 0.300 0.735 0.122 0.898 0.524 0.738 0.402 0.219 0.117 0.239 0.370 0.237 0.704 0.890 0.900 0.602 0.578 0.533 0.712 0.270 0.762 0.939 0.786 0.669 0.682 0.068 0.720 0.898 0.176 0.553 0.122 0.821 0.630 0.769 0.225 0.691 0.798 0.842 0.857 0.719 0.464 0.805 0.721 0.938 0.734 0.450 0.123 0.616 0.655 0.215 0.121 0.273 0.739 0.099 0.660 0.271 0.543 0.987 0.805 0.535 0.275 0.532 0.044 0.501 0.779 0.639 0.325 0.538 0.257 0.951 0.824 0.873 0.990 0.451 0.126 0.193 0.608 0.185 0.257 0.337 0.750 0.267 0.247 0.908 0.234 0.159 0.313 0.372 0.881 0.627 0.330 0.157 0.197 0.087 0.692 0.520 0.534 0.939 0.696 0.513 0.364 0.308 0.061 0.187 0.715 0.928 0.276 0.214 0.185 0.453 0.402 0.687 0.101 0.858 0.663 0.502 0.023 0.396 0.546 0.336 0.077 0.622 0.077 0.742 0.879 0.369 0.457 0.894 0.812 0.342 0.352 0.951 0.592 0.102 0.738 0.116 0.931 0.313 0.074 0.910 0.934 0.974 0.092 0.663 0.160 0.463 0.516 0.704 0.986 0.586 0.508 0.555 0.141 0.654 0.800 0.922 0.680 0.136 0.215 0.361 0.460 0.402 0.316 0.625 0.454 0.346 0.485 0.674 0.426 0.980 0.171 
ofv: 58.000000
Best time: 24.183
Total time:30.365 


Instance: ..\Instances\cardiff.txt
RKO: PSO | PSO | PSO | PSO | 
Sol: 0.941 0.321 0.584 0.701 0.884 0.852 0.262 0.234 0.721 0.031 0.938 0.249 0.067 0.078 0.041 0.010 0.026 0.811 0.796 0.462 0.832 0.866 0.051 0.151 0.588 0.058 0.014 0.201 0.960 0.133 0.436 0.822 0.505 0.709 0.682 0.375 0.640 0.870 0.470 0.922 0.021 0.156 0.234 0.040 0.710 0.276 0.644 0.700 0.399 0.704 0.051 0.771 0.360 0.569 0.104 0.562 0.547 0.654 0.580 0.226 0.491 0.485 0.371 0.701 0.601 0.876 0.772 0.158 0.680 0.720 0.151 0.201 0.615 0.076 0.553 0.026 0.100 0.465 0.446 0.010 0.561 0.983 0.543 0.852 0.047 0.650 0.466 0.975 0.780 0.395 0.982 0.894 0.774 0.665 0.825 0.296 0.001 0.360 0.602 0.672 0.312 0.064 0.970 0.792 0.155 0.940 0.324 0.698 0.512 0.347 0.590 0.520 0.939 0.732 0.501 0.154 0.523 0.242 0.187 0.549 0.484 0.174 0.182 0.795 0.515 0.995 0.114 0.021 0.173 0.474 0.224 0.090 0.670 0.221 0.115 0.552 0.830 0.472 0.410 0.827 0.923 0.285 0.612 0.724 0.612 0.826 0.893 0.884 0.967 0.539 0.481 0.487 0.110 0.079 0.343 0.827 0.725 0.267 0.681 0.570 0.489 0.197 0.392 0.017 0.257 0.420 0.028 0.251 0.032 0.881 0.979 0.513 0.013 0.680 0.286 0.869 0.940 0.282 0.744 0.351 0.618 0.005 0.182 0.289 0.974 0.531 0.668 0.351 0.351 0.447 0.167 0.734 0.438 0.886 0.298 0.094 0.315 0.032 0.035 0.575 0.216 0.974 0.201 0.633 0.449 0.606 0.607 0.573 0.084 0.961 0.325 0.299 0.302 0.455 0.842 0.779 0.007 0.539 0.282 0.399 0.759 0.743 0.283 0.522 0.163 0.831 0.582 0.480 0.056 0.969 0.495 0.174 0.494 0.649 0.810 0.413 0.416 0.208 0.182 0.378 0.819 0.693 0.369 0.675 0.693 0.838 0.115 0.632 0.399 0.320 0.237 0.381 0.811 0.038 0.866 0.651 0.805 0.563 0.069 0.182 0.846 0.090 0.648 0.068 0.700 0.916 0.605 0.769 0.293 0.210 0.429 0.450 0.039 0.218 0.935 0.737 0.284 0.138 0.476 0.867 0.466 0.351 0.798 0.665 0.567 0.878 0.602 0.331 0.678 0.488 0.205 0.036 0.493 0.614 0.254 0.117 0.769 0.026 0.976 0.318 0.889 0.179 0.047 0.162 0.480 0.026 0.210 0.438 0.927 0.884 0.035 0.778 0.627 0.683 0.307 0.019 0.080 0.299 0.018 0.423 0.960 0.803 0.787 0.958 0.524 0.947 0.849 0.169 0.473 0.009 0.929 0.842 0.354 0.503 0.693 0.716 0.182 0.272 0.434 0.008 0.391 0.489 0.296 0.465 0.691 0.515 0.134 0.727 0.015 0.325 0.304 0.663 0.784 0.026 0.236 0.588 0.454 0.150 0.213 0.017 0.444 0.440 0.541 0.435 0.794 0.738 0.877 0.108 0.802 0.992 0.028 0.047 0.263 0.898 0.047 0.374 0.967 0.664 0.071 0.192 0.591 0.215 0.425 0.845 0.953 0.608 0.636 0.797 0.392 0.500 0.619 0.012 0.050 0.840 0.754 0.932 0.268 0.298 0.709 0.485 0.210 0.566 0.097 0.636 0.767 0.739 0.553 0.784 0.011 0.095 0.007 0.926 0.421 0.527 0.033 0.369 0.079 0.699 0.498 0.463 0.299 0.810 0.843 0.023 0.830 0.394 0.040 0.326 0.419 0.433 0.358 0.675 0.508 0.774 0.985 0.506 0.346 0.661 0.484 0.007 0.049 0.508 0.073 0.812 0.909 0.682 0.080 0.714 0.449 0.261 0.367 0.057 0.006 0.545 0.580 0.602 0.022 0.076 0.442 0.966 0.197 0.270 0.085 0.544 0.818 0.214 0.109 0.207 0.404 0.019 0.438 0.582 0.740 0.897 0.498 0.417 0.008 0.666 0.739 0.618 0.807 0.753 0.383 0.559 0.462 0.759 0.652 0.773 0.010 0.808 0.869 0.494 0.979 0.524 0.640 0.699 0.610 0.006 0.110 0.887 0.170 0.391 0.525 0.848 0.433 0.871 0.432 0.534 0.365 0.736 0.463 0.039 0.560 0.618 0.403 0.961 0.408 0.083 0.496 0.628 0.525 0.935 0.094 0.042 0.591 0.622 0.028 0.225 0.164 0.740 0.671 0.947 0.006 0.032 0.114 0.633 0.600 0.659 0.986 0.849 0.489 0.343 0.660 0.596 0.639 0.619 0.178 0.322 0.211 0.914 0.979 0.762 0.792 0.515 0.061 0.468 0.941 0.276 0.845 0.548 0.404 0.529 0.575 0.445 0.709 0.625 0.533 0.697 0.920 0.953 0.924 0.159 0.931 0.264 0.149 0.249 0.045 0.151 0.975 0.604 0.834 0.044 0.990 0.570 0.276 0.122 0.932 0.236 0.169 0.516 0.359 0.231 0.311 0.219 0.910 0.778 0.625 0.293 0.273 0.013 0.742 0.806 0.918 0.788 0.599 0.923 0.212 0.040 0.174 0.138 0.443 0.319 0.265 0.743 0.341 0.070 0.966 0.003 0.483 0.596 0.494 0.845 0.168 0.358 0.776 0.991 0.334 0.598 0.299 0.675 0.194 0.129 0.069 0.783 0.642 0.363 0.358 0.513 0.639 0.956 0.662 0.905 0.514 0.837 0.505 0.545 0.486 0.900 0.298 0.647 0.228 0.213 0.397 0.494 0.188 0.291 0.856 0.047 0.146 0.079 0.993 0.562 0.687 0.285 0.801 0.483 0.538 0.790 0.601 0.113 0.891 0.486 0.589 0.261 0.882 0.251 0.989 0.090 0.690 0.991 0.154 0.950 0.839 0.266 0.253 0.217 0.053 0.843 0.569 0.622 0.746 0.368 0.901 0.813 0.826 0.232 0.278 0.537 0.202 0.378 0.320 0.673 0.577 0.697 0.950 0.230 0.673 0.686 0.633 0.907 0.466 0.526 0.066 0.786 0.378 0.279 0.022 0.434 0.503 0.908 0.082 0.037 0.432 0.183 0.271 0.326 0.143 0.498 0.382 0.146 0.770 0.810 0.017 0.092 0.122 0.859 0.380 0.375 0.260 0.424 0.506 0.208 0.385 0.976 0.597 0.101 0.828 0.824 0.674 0.492 0.039 0.082 0.294 0.350 0.758 0.314 0.611 0.400 0.325 0.611 0.911 0.638 0.136 0.701 0.562 0.212 0.394 0.861 0.085 0.266 0.364 0.357 0.570 0.750 0.800 0.462 0.143 0.829 0.904 0.888 0.380 0.678 0.165 0.884 0.267 0.280 0.105 0.764 0.944 0.696 0.470 0.245 0.192 0.838 0.474 0.415 0.931 0.937 0.949 0.245 0.368 0.156 0.960 0.786 0.340 0.466 0.759 0.016 0.275 0.949 0.052 0.771 0.883 0.322 0.887 0.035 0.413 0.335 0.608 0.832 0.602 0.498 0.247 0.868 0.114 0.104 0.180 0.634 0.690 0.398 0.490 0.938 0.800 0.999 0.065 0.191 0.406 0.838 0.622 0.901 0.792 0.088 0.695 0.378 0.580 0.117 0.302 0.643 0.777 0.710 0.119 0.928 0.770 0.893 0.926 0.731 0.698 0.352 0.103 0.749 0.310 0.170 0.331 0.552 0.716 0.483 0.104 0.125 0.806 0.949 0.559 0.393 0.530 0.277 0.428 0.684 0.737 0.702 0.901 0.181 0.543 0.134 0.711 0.697 0.829 0.917 0.997 0.505 0.561 0.154 0.440 0.457 0.443 0.124 0.752 0.669 0.423 0.761 0.221 0.227 0.401 0.419 0.557 0.263 0.921 0.961 0.473 0.013 0.326 0.829 0.499 0.472 0.655 0.036 0.253 0.586 0.992 0.173 0.220 0.291 0.351 0.568 0.929 0.307 0.174 0.366 0.449 0.601 0.675 0.245 0.711 0.387 0.085 0.036 0.332 0.757 0.270 0.677 0.861 0.769 0.283 0.062 0.280 0.263 0.229 0.551 0.014 0.688 0.205 0.526 0.571 0.193 0.291 0.883 0.677 0.406 0.066 0.595 0.243 0.086 0.008 0.989 0.377 0.263 0.602 0.490 0.393 0.280 0.444 0.226 0.125 0.060 0.610 0.735 0.799 0.752 0.422 0.470 0.365 0.206 0.830 0.857 0.113 0.726 0.763 0.380 0.236 0.565 0.726 0.776 0.606 0.113 0.492 0.522 0.654 0.416 0.466 0.512 0.484 0.680 0.538 0.125 0.241 0.772 0.358 0.377 0.985 0.165 0.372 0.983 0.101 0.707 0.336 0.506 0.298 0.012 0.925 0.171 0.972 0.442 0.568 0.181 0.714 0.170 0.463 0.377 0.615 0.449 0.360 0.312 0.669 0.936 0.827 0.100 0.098 0.051 0.314 0.859 0.087 0.312 0.058 0.746 0.852 0.143 0.167 0.191 0.137 0.711 0.235 0.187 0.415 0.068 0.848 0.693 0.989 0.486 0.221 0.599 0.410 0.688 0.291 0.314 0.539 0.712 0.569 0.416 0.408 0.154 0.089 0.134 0.198 0.284 0.230 0.485 0.679 0.636 0.338 0.276 0.232 0.689 0.542 0.248 0.509 0.249 0.587 0.465 0.787 0.396 0.263 0.847 0.715 0.641 0.441 0.870 0.003 0.279 0.353 0.296 0.792 0.886 0.439 0.027 0.057 0.342 0.839 0.643 0.941 0.308 0.192 0.052 0.165 0.204 0.028 0.023 0.279 0.712 0.421 0.555 0.692 0.065 0.760 0.706 0.414 
ofv: 55.000000
Best time: 25.549
Total time:30.254 


Instance: ..\Instances\coventry.txt
RKO: GA | GA | GA | GA | 
Sol: 0.703 0.080 0.981 0.434 0.680 0.243 0.916 0.834 0.701 0.400 0.218 0.420 0.006 0.978 0.599 0.003 0.162 0.046 0.953 0.606 0.261 0.464 0.366 0.774 0.211 0.007 0.931 0.131 0.944 0.854 0.265 0.408 0.385 0.544 0.506 0.454 0.310 0.567 0.071 0.411 0.779 0.918 0.919 0.237 0.688 0.701 0.330 0.466 0.919 0.172 0.551 0.957 0.274 0.962 0.493 0.422 0.243 0.018 0.075 0.278 0.731 0.836 0.075 0.286 0.438 0.070 0.486 0.150 0.339 0.539 0.182 0.868 0.180 0.553 0.686 0.110 0.526 0.468 0.568 0.652 0.333 0.038 0.921 0.795 0.772 0.995 0.132 0.940 0.055 0.842 0.739 0.281 0.323 0.177 0.820 0.204 0.236 0.518 0.458 0.694 0.537 0.111 0.151 0.472 0.768 0.578 0.240 0.465 0.612 0.319 0.566 0.721 0.832 0.171 0.953 0.052 0.233 0.187 0.028 0.174 0.309 0.062 0.682 0.026 0.203 0.765 0.028 0.626 0.016 0.709 0.367 0.494 0.516 0.784 0.001 0.074 0.066 0.455 0.613 0.418 0.536 0.501 0.272 0.421 0.922 0.490 0.761 0.881 0.890 0.441 0.742 0.105 0.362 0.686 0.066 0.455 0.012 0.952 0.962 0.956 0.899 0.614 0.244 0.234 0.402 0.635 0.947 0.879 0.362 0.901 0.970 0.366 0.237 0.374 0.381 0.557 0.081 0.522 0.954 0.772 0.173 0.964 0.522 0.753 0.681 0.533 0.716 0.915 0.961 0.855 0.038 0.930 0.281 0.277 0.043 0.556 0.891 0.005 0.551 0.053 0.428 0.639 0.858 0.088 0.395 0.847 0.525 0.818 0.030 0.092 0.380 0.144 0.991 0.686 0.672 0.500 0.932 0.319 0.743 0.872 0.855 0.242 0.779 0.783 0.081 0.163 0.155 0.945 0.337 0.505 0.300 0.957 0.244 0.067 0.195 0.148 0.450 0.587 0.619 0.909 0.812 0.875 0.110 0.911 0.232 0.062 0.807 0.759 0.486 0.207 0.021 0.014 0.129 0.605 0.446 0.866 0.072 0.028 0.559 0.565 0.046 0.917 0.798 0.088 0.938 0.245 0.612 0.241 0.736 0.822 0.758 0.403 0.726 0.012 0.240 0.883 0.007 0.676 0.097 0.538 0.332 0.814 0.589 0.495 0.115 0.545 0.295 0.498 0.516 0.477 0.101 0.244 0.267 0.788 0.386 0.387 0.758 0.863 0.673 0.406 0.761 0.213 0.128 0.575 0.442 0.017 0.858 0.635 0.280 0.708 0.975 0.912 0.820 0.753 0.715 0.784 0.373 0.913 0.073 0.706 0.119 0.951 0.268 0.593 0.427 0.384 0.467 0.811 0.802 0.260 0.422 0.855 0.318 0.272 0.464 0.110 0.354 0.525 0.826 0.881 0.187 0.782 0.346 0.841 0.945 0.711 0.974 0.225 0.235 0.135 0.578 0.913 0.284 0.437 0.326 0.071 0.326 0.914 0.359 0.558 0.418 0.748 0.067 0.475 0.104 0.006 0.397 0.606 0.366 0.113 0.985 0.510 0.858 0.416 0.894 0.975 0.096 0.302 0.486 0.607 0.013 0.025 0.241 0.098 0.865 0.273 0.198 0.736 0.522 0.588 0.956 0.813 0.263 0.054 0.929 0.952 0.176 0.388 0.944 0.106 0.047 0.865 0.831 0.535 0.203 0.820 0.395 0.513 0.509 0.083 0.428 0.162 0.618 0.359 0.104 0.710 0.045 0.177 0.347 0.158 0.966 0.009 0.373 0.420 0.511 0.604 0.736 0.534 0.554 0.350 0.342 0.778 0.296 0.415 0.257 0.821 0.138 0.883 0.016 0.917 0.406 0.571 0.293 0.320 0.827 0.540 0.233 0.089 0.554 0.397 0.634 0.062 0.190 0.092 0.182 0.100 0.391 0.690 0.654 0.637 0.964 0.379 0.600 0.358 0.223 0.671 0.840 0.051 0.272 0.784 0.648 0.551 0.317 0.286 0.739 0.753 0.061 0.228 0.248 0.151 0.075 0.012 0.232 0.042 0.564 0.004 0.115 0.788 0.826 0.264 0.073 0.363 0.744 0.787 0.799 0.125 0.098 0.930 0.786 0.486 0.352 0.792 0.124 0.156 0.130 0.632 0.621 0.132 0.783 0.005 0.834 0.524 0.173 0.001 0.484 0.141 0.941 0.637 0.354 0.147 0.469 0.188 0.269 0.932 0.885 0.662 0.116 0.846 0.692 0.547 0.620 0.089 0.063 0.799 0.804 0.916 0.066 0.095 0.902 0.442 0.677 0.969 0.496 0.185 0.113 0.798 0.936 0.370 0.194 0.526 0.503 0.799 0.486 0.636 0.469 0.570 0.268 0.894 0.119 0.760 0.250 0.203 0.676 0.061 0.932 0.983 0.175 0.320 0.842 0.851 0.300 0.705 0.291 0.966 0.197 0.522 0.815 0.464 0.519 0.051 0.765 0.512 0.765 0.092 0.801 0.141 0.040 0.096 0.328 0.965 0.077 0.659 0.420 0.579 0.912 0.621 0.400 0.003 0.452 0.574 0.852 0.701 0.992 0.920 0.371 0.793 0.199 0.794 0.227 0.965 0.735 0.997 0.894 0.216 0.694 0.393 0.818 0.737 0.886 0.534 0.645 0.242 0.763 0.885 0.689 0.712 0.507 0.424 0.785 0.070 0.835 0.050 0.529 0.415 0.850 0.878 0.229 0.088 0.225 0.858 0.444 0.220 0.064 0.353 0.228 0.054 0.816 0.653 0.290 0.551 0.826 0.433 0.130 0.212 0.249 0.255 0.453 0.995 0.238 0.537 0.834 0.430 0.053 0.264 0.559 0.386 0.702 0.679 0.473 0.677 0.111 0.296 0.373 0.610 0.939 0.266 0.547 0.529 0.416 0.391 0.530 0.405 0.561 0.966 0.562 0.939 0.709 0.963 0.548 0.309 0.398 0.522 0.548 0.208 0.842 0.720 0.060 0.456 0.890 0.205 0.135 0.343 0.906 0.347 0.032 0.364 0.492 0.882 0.269 0.347 0.801 0.424 0.285 0.525 0.045 0.461 0.879 0.831 0.663 0.494 0.916 0.748 0.841 0.829 0.344 0.390 0.513 0.487 0.620 0.089 0.371 0.532 0.034 0.538 0.471 0.628 0.867 0.995 0.048 0.429 0.713 0.273 0.570 0.976 0.507 0.514 0.430 0.464 0.329 0.041 0.931 0.516 0.352 0.107 0.481 0.921 0.281 0.753 0.855 0.658 0.233 0.188 0.723 0.629 0.601 0.245 0.028 0.135 0.372 0.755 0.988 0.591 0.414 0.209 0.235 0.737 0.212 0.118 0.261 0.089 0.695 0.040 0.469 0.621 0.473 0.460 0.820 0.657 0.632 0.652 0.740 0.382 0.548 0.385 0.745 0.283 0.599 0.196 0.333 0.802 0.688 0.080 0.185 0.885 0.982 0.261 0.499 0.417 0.316 0.223 0.097 0.525 0.396 0.527 0.636 0.053 0.355 0.540 0.649 0.375 0.986 0.513 0.060 0.706 0.341 0.010 0.664 0.658 0.409 0.452 0.532 0.763 0.379 0.568 0.218 0.803 0.725 0.432 0.928 0.823 0.743 0.045 0.373 0.360 0.448 0.351 0.035 0.515 0.613 0.651 0.905 0.795 0.376 0.228 0.946 0.340 0.488 0.438 0.611 0.651 0.404 0.759 0.515 0.231 0.722 0.601 0.620 0.721 0.582 0.158 0.041 0.884 0.552 0.776 0.761 0.748 0.099 0.421 0.246 0.260 0.682 0.724 0.673 0.832 0.304 0.226 0.301 0.660 0.594 0.428 0.575 0.687 0.265 0.719 0.358 0.181 0.344 0.312 0.187 0.078 0.290 0.208 0.622 0.999 0.470 0.141 0.329 0.274 0.206 0.342 0.764 0.519 0.901 0.090 0.307 0.695 0.371 0.602 0.633 0.548 0.993 0.397 0.821 0.887 0.208 0.497 0.752 0.336 0.704 0.187 0.678 0.086 0.627 0.686 0.379 0.590 0.567 0.066 0.153 0.912 0.221 0.701 0.301 0.362 0.151 0.397 0.539 0.733 0.644 0.591 0.413 0.384 0.578 0.855 0.675 0.321 0.296 0.918 0.129 0.041 0.953 0.242 0.311 0.569 0.565 0.865 0.734 0.602 0.161 0.352 0.486 0.482 0.126 0.538 0.144 0.389 0.493 0.876 0.580 0.821 0.711 0.832 0.306 0.827 0.395 0.889 0.638 0.409 0.995 0.618 0.086 0.354 0.761 0.187 0.089 0.336 0.236 0.365 0.063 0.590 0.106 0.055 0.029 0.305 0.886 0.436 0.217 0.094 0.531 0.692 0.406 0.611 0.919 0.639 0.193 0.402 0.423 0.195 0.696 0.699 0.903 0.650 0.343 0.874 0.690 0.875 0.963 0.380 0.256 0.835 0.896 0.514 0.657 0.474 0.092 0.892 0.208 0.446 0.917 0.831 0.642 0.855 0.725 0.949 0.394 0.378 0.402 0.944 0.507 0.354 0.884 0.861 0.235 0.993 0.315 0.938 0.247 0.251 0.681 0.388 0.870 0.539 0.798 0.838 0.871 0.068 0.944 0.624 0.305 0.747 0.892 0.212 0.859 0.122 0.091 0.286 0.755 0.923 0.530 0.107 0.281 0.909 0.446 0.593 0.635 0.103 0.727 0.271 0.169 0.102 0.112 0.943 0.197 0.458 0.869 0.285 0.990 0.848 0.423 0.635 0.245 0.140 0.689 0.528 0.514 0.634 0.354 0.123 0.345 0.704 0.884 0.360 0.446 0.807 0.779 0.258 0.468 0.229 0.547 0.659 0.119 0.628 0.322 0.846 0.259 0.734 0.071 0.930 0.633 0.550 0.224 0.306 0.505 0.686 0.671 0.748 0.637 0.100 0.853 0.304 0.824 0.489 0.226 0.513 0.156 0.927 0.311 0.097 0.766 0.941 0.522 0.518 0.140 0.854 0.713 0.637 0.311 0.254 0.557 0.863 0.434 0.322 0.615 0.538 0.823 0.295 0.316 0.667 0.617 0.621 0.194 0.403 0.519 0.690 0.342 
ofv: 49.000000
Best time: 24.996
Total time:30.148 


Instance: ..\Instances\coventry.txt
RKO: SA | SA | SA | SA | 
Sol: 0.532 0.252 0.203 0.731 0.989 0.826 0.459 0.519 0.148 0.299 0.483 0.789 0.344 0.053 0.894 0.240 0.150 0.003 0.318 0.094 0.936 0.366 0.240 0.413 0.424 0.446 0.298 0.365 0.732 0.307 0.754 0.338 0.289 0.798 0.195 0.692 0.129 0.294 0.160 0.722 0.814 0.916 0.010 0.069 0.161 0.225 0.382 0.676 0.469 0.460 0.213 0.328 0.851 0.139 0.806 0.775 0.498 0.129 0.963 0.610 0.757 0.397 0.628 0.656 0.051 0.542 0.575 0.634 0.380 0.626 0.905 0.961 0.436 0.701 0.215 0.605 0.597 0.288 0.829 0.313 0.655 0.210 0.167 0.068 0.274 0.081 0.629 0.006 0.261 0.602 0.574 0.015 0.876 0.918 0.781 0.874 0.686 0.357 0.005 0.580 0.269 0.240 0.652 0.137 0.174 0.962 0.962 0.397 0.026 0.087 0.835 0.993 0.274 0.782 0.210 0.482 0.079 0.523 0.901 0.980 0.972 0.968 0.877 0.000 0.353 0.934 0.929 0.182 0.717 0.702 0.643 0.298 0.820 0.245 0.131 0.422 0.186 0.857 0.379 0.584 0.260 0.349 0.962 0.868 0.050 0.129 0.046 0.182 0.129 0.425 0.188 0.439 0.145 0.193 0.288 0.318 0.046 0.242 0.828 0.364 0.786 0.054 0.633 0.165 0.572 0.063 0.195 0.659 0.522 0.169 0.314 0.117 0.570 0.652 0.748 0.204 0.216 0.767 0.098 0.733 0.192 0.251 0.085 0.595 0.460 0.754 0.068 0.801 0.507 0.307 0.046 0.989 0.548 0.726 0.511 0.084 0.290 0.529 0.367 0.451 0.837 0.020 0.863 0.983 0.422 0.112 0.770 0.718 0.555 0.034 0.255 0.132 0.645 0.212 0.834 0.619 0.909 0.176 0.836 0.771 0.485 0.114 0.559 0.306 0.277 0.278 0.637 0.619 0.568 0.476 0.650 0.157 0.587 0.817 0.126 0.752 0.628 0.501 0.622 0.063 0.113 0.072 0.815 0.256 0.423 0.295 0.045 0.747 0.145 0.952 0.462 0.657 0.466 0.462 0.478 0.335 0.755 0.024 0.650 0.880 0.594 0.530 0.617 0.557 0.314 0.840 0.862 0.582 0.968 0.713 0.060 0.948 0.027 0.321 0.931 0.109 0.300 0.004 0.970 0.100 0.104 0.383 0.962 0.196 0.728 0.641 0.187 0.550 0.259 0.282 0.441 0.232 0.569 0.838 0.023 0.665 0.832 0.656 0.296 0.991 0.859 0.713 0.700 0.440 0.158 0.249 0.640 0.007 0.060 0.001 0.289 0.335 0.058 0.668 0.282 0.361 0.023 0.201 0.661 0.235 0.181 0.874 0.268 0.907 0.902 0.866 0.207 0.288 0.160 0.569 0.421 0.767 0.530 0.136 0.212 0.097 0.600 0.267 0.314 0.633 0.825 0.940 0.113 0.254 0.442 0.315 0.626 0.365 0.305 0.941 0.609 0.014 0.827 0.085 0.019 0.812 0.015 0.019 0.461 0.572 0.066 0.543 0.107 0.276 0.003 0.057 0.296 0.797 0.371 0.141 0.435 0.805 0.429 0.433 0.022 0.000 0.263 0.903 0.975 0.315 0.943 0.984 0.484 0.870 0.462 0.462 0.394 0.854 0.010 0.526 0.655 0.895 0.713 0.831 0.521 0.342 0.243 0.762 0.526 0.635 0.710 0.355 0.627 0.142 0.805 0.582 0.872 0.273 0.116 0.333 0.244 0.042 0.594 0.435 0.126 0.480 0.097 0.181 0.755 0.410 0.713 0.916 0.144 0.038 0.597 0.419 0.260 0.897 0.001 0.647 0.213 0.271 0.425 0.330 0.119 0.881 0.012 0.270 0.071 0.915 0.105 0.015 0.069 0.651 0.690 0.152 0.137 0.252 0.160 0.907 0.454 0.411 0.819 0.061 0.022 0.066 0.704 0.962 0.971 0.504 0.390 0.849 0.525 0.488 0.831 0.031 0.698 0.630 0.753 0.440 0.845 0.879 0.533 0.202 0.755 0.139 0.369 0.460 0.389 0.564 0.004 0.045 0.566 0.592 0.513 0.109 0.214 0.301 0.991 0.915 0.652 0.054 0.047 0.575 0.589 0.309 0.289 0.996 0.901 0.127 0.435 0.883 0.600 0.937 0.012 0.837 0.107 0.972 0.897 0.202 0.813 0.871 0.668 0.511 0.065 0.506 0.638 0.758 0.491 0.768 0.741 0.230 0.389 0.082 0.237 0.856 0.282 0.356 0.907 0.687 0.936 0.058 0.998 0.610 0.469 0.832 0.046 0.699 0.710 0.648 0.679 0.385 0.665 0.505 0.109 0.573 0.306 0.609 0.004 0.261 0.639 0.989 0.940 0.320 0.433 0.835 0.507 0.890 0.040 0.447 0.549 0.633 0.246 0.826 0.737 0.421 0.692 0.861 0.330 0.328 0.862 0.812 0.726 0.009 0.167 0.187 0.576 0.884 0.135 0.270 0.648 0.778 0.693 0.243 0.969 0.778 0.672 0.988 0.914 0.200 0.201 0.250 0.273 0.829 0.436 0.193 0.251 0.012 0.315 0.158 0.443 0.503 0.119 0.379 0.997 0.824 0.216 0.045 0.162 0.852 0.632 0.102 0.892 0.796 0.799 0.051 0.423 0.317 0.669 0.706 0.059 0.837 0.644 0.172 0.595 0.476 0.109 0.142 0.632 0.838 0.155 0.376 0.681 0.896 0.416 0.310 0.847 0.670 0.988 0.555 0.904 0.718 0.074 0.564 0.504 0.464 0.676 0.358 0.203 0.921 0.104 0.786 0.973 0.179 0.163 0.225 0.455 0.163 0.475 0.280 0.049 0.175 0.222 0.925 0.816 0.955 0.575 0.659 0.480 0.233 0.349 0.778 0.496 0.220 0.294 0.533 0.465 0.801 0.853 0.582 0.545 0.045 0.653 0.416 0.953 0.919 0.511 0.287 0.883 0.949 0.702 0.761 0.272 0.104 0.912 0.773 0.798 0.781 0.056 0.601 0.588 0.606 0.414 0.196 0.527 0.977 0.214 0.165 0.713 0.848 0.195 0.927 0.231 0.444 0.961 0.623 0.910 0.895 0.667 0.389 0.943 0.110 0.608 0.026 0.242 0.597 0.708 0.507 0.362 0.068 0.668 0.831 0.748 0.007 0.066 0.183 0.564 0.577 0.395 0.327 0.814 0.774 0.901 0.397 0.947 0.674 0.182 0.606 0.437 0.962 0.787 0.414 0.318 0.508 0.077 0.475 0.183 0.285 0.718 0.102 0.883 0.321 0.659 0.325 0.197 0.354 0.538 0.379 0.231 0.792 0.235 0.577 0.221 0.810 0.113 0.983 0.580 0.431 0.469 0.621 0.024 0.918 0.807 0.358 0.306 0.665 0.019 0.562 0.565 0.932 0.898 0.997 0.874 0.697 0.201 0.140 0.315 0.844 0.012 0.563 0.401 0.949 0.488 0.479 0.749 0.574 0.421 0.866 0.565 0.740 0.316 0.658 0.626 0.562 0.533 0.396 0.476 0.910 0.218 0.714 0.166 0.254 0.943 0.769 0.639 0.352 0.560 0.465 0.282 0.193 0.642 0.397 0.157 0.086 0.140 0.382 0.538 0.575 0.679 0.471 0.485 0.287 0.090 0.338 0.491 0.351 0.186 0.058 0.067 0.893 0.328 0.289 0.549 0.074 0.833 0.716 0.308 0.075 0.691 0.961 0.455 0.211 0.114 0.860 0.264 0.009 0.206 0.129 0.333 0.209 0.878 0.589 0.952 0.050 0.851 0.933 0.805 0.885 0.368 0.464 0.913 0.646 0.386 0.921 0.102 0.894 0.911 0.237 0.906 0.398 0.313 0.222 0.273 0.116 0.287 0.605 0.365 0.437 0.428 0.704 0.669 0.631 0.900 0.067 0.097 0.058 0.669 0.411 0.834 0.009 0.322 0.668 0.842 0.980 0.513 0.897 0.232 0.888 0.298 0.883 0.416 0.393 0.919 0.407 0.324 0.207 0.240 0.549 0.587 0.326 0.233 0.873 0.239 0.795 0.394 0.432 0.108 0.477 0.450 0.523 0.717 0.424 0.036 0.064 0.075 0.154 0.161 0.560 0.949 0.532 0.566 0.628 0.313 0.126 0.317 0.069 0.223 0.922 0.518 0.823 0.243 0.800 0.850 0.197 0.308 0.923 0.178 0.609 0.599 0.366 0.773 0.235 0.511 0.330 0.127 0.421 0.874 0.340 0.692 0.616 0.899 0.392 0.211 0.654 0.552 0.263 0.815 0.890 0.267 0.518 0.657 0.661 0.024 0.739 0.037 0.104 0.773 0.666 0.861 0.189 0.082 0.995 0.641 0.945 0.154 0.617 0.445 0.498 0.935 0.409 0.069 0.805 0.315 0.691 0.747 0.043 0.339 0.775 0.221 0.960 0.077 0.488 0.165 0.752 0.569 0.745 0.179 0.927 0.791 0.952 0.229 0.197 0.804 0.200 0.196 0.062 0.863 0.129 0.761 0.342 0.786 0.995 0.362 0.367 0.138 0.902 0.689 0.175 0.668 0.102 1.000 0.490 0.919 0.374 0.947 0.256 0.919 0.826 0.719 0.558 0.057 0.451 0.719 0.217 0.599 0.118 0.511 0.763 0.432 0.947 0.494 0.982 0.707 0.305 0.983 0.355 0.758 0.079 0.752 0.383 0.411 0.807 0.176 0.470 0.881 0.965 0.906 0.802 0.715 0.458 0.280 0.560 0.821 0.259 0.495 0.831 0.884 0.590 0.293 0.275 0.787 0.474 0.615 0.911 0.730 0.390 0.791 0.731 0.665 0.609 0.921 0.597 0.874 0.406 0.617 0.322 0.712 0.698 0.383 0.918 0.097 0.360 0.565 0.176 0.910 0.769 0.026 0.424 0.448 0.946 0.760 0.085 0.293 0.447 0.361 0.527 0.888 0.593 0.199 0.822 0.860 0.764 0.786 0.838 0.998 0.798 0.596 0.099 0.778 0.292 0.298 0.351 0.871 0.881 0.519 0.179 0.936 0.544 0.792 0.270 0.076 0.304 0.316 0.130 0.788 0.579 0.619 0.608 0.290 0.189 0.171 0.444 0.021 0.544 0.165 
ofv: 49.000000
Best time: 21.393
Total time:30.145 


Instance: ..\Instances\coventry.txt
RKO: PSO | PSO | PSO | PSO | 
Sol: 0.988 0.957 0.487 0.558 0.840 0.550 0.530 0.941 0.962 0.277 0.147 0.603 0.574 0.758 0.696 0.780 0.371 0.485 0.933 0.486 0.272 0.272 0.013 0.935 0.692 0.353 0.904 0.744 0.262 0.259 0.119 0.232 0.359 0.312 0.788 0.344 0.494 0.880 0.423 0.637 0.289 0.577 0.892 0.670 0.472 0.312 0.781 0.883 0.905 0.602 0.106 0.866 0.963 0.279 0.035 0.313 0.522 0.310 0.687 0.974 0.453 0.760 0.863 0.453 0.219 0.488 0.253 0.514 0.796 0.599 0.183 0.965 0.383 0.673 0.054 0.450 0.494 0.030 0.647 0.152 0.913 0.758 0.909 0.765 0.614 0.849 0.284 0.698 0.409 0.836 0.887 0.312 0.481 0.622 0.112 0.669 0.724 0.709 0.080 0.032 0.612 0.454 0.130 0.576 0.221 0.866 0.249 0.109 0.522 0.730 0.170 0.626 0.230 0.438 0.130 0.856 0.073 0.541 0.047 0.134 0.389 0.629 0.185 0.039 0.592 0.413 0.251 0.113 0.835 0.143 0.623 0.323 0.725 0.581 0.792 0.842 0.319 0.103 0.802 0.150 0.534 0.167 0.864 0.653 0.215 0.870 0.697 0.548 0.678 0.509 0.709 0.348 0.524 0.059 0.769 0.161 0.009 0.128 0.934 0.825 0.058 0.974 0.858 0.577 0.138 0.459 0.799 0.926 0.320 0.519 0.604 0.482 0.934 0.484 0.090 0.760 0.670 0.191 0.457 0.181 0.016 0.310 0.493 0.071 0.632 0.818 0.949 0.073 0.695 0.381 0.682 0.043 0.235 0.104 0.140 0.292 0.993 0.650 0.900 0.663 0.753 0.345 0.476 0.797 0.541 0.570 0.145 0.128 0.391 0.803 0.050 0.341 0.011 0.211 0.475 0.130 0.585 0.741 0.870 0.243 0.434 0.264 0.365 0.475 0.529 0.897 0.648 0.432 0.460 0.673 0.205 0.710 0.910 0.379 0.293 0.962 0.288 0.127 0.219 0.833 0.402 0.886 0.692 0.081 0.796 0.660 0.074 0.858 0.328 0.883 0.006 0.033 0.358 0.100 0.464 0.682 0.663 0.436 0.022 0.818 0.899 0.669 0.754 0.563 0.114 0.694 0.854 0.336 0.563 0.615 0.304 0.789 0.971 0.697 0.031 0.462 0.900 0.003 0.726 0.121 0.749 0.645 0.933 0.537 0.417 0.700 0.144 0.504 0.580 0.391 0.874 0.906 0.075 0.278 0.849 0.363 0.261 0.321 0.668 0.638 0.680 0.698 0.634 0.176 0.090 0.554 0.874 0.923 0.113 0.227 0.618 0.781 0.243 0.977 0.759 0.005 0.964 0.373 0.045 0.721 0.676 0.713 0.649 0.979 0.257 0.190 0.187 0.160 0.323 0.165 0.212 0.059 0.671 0.699 0.539 0.934 0.499 0.713 0.017 0.755 0.939 0.859 0.049 0.251 0.647 0.472 0.488 0.705 0.555 0.630 0.713 0.048 0.118 0.094 0.789 0.377 0.278 0.517 0.075 0.022 0.072 0.649 0.950 0.966 0.044 0.002 0.618 0.528 0.654 0.849 0.071 0.595 0.278 0.840 0.561 0.195 0.048 0.437 0.496 0.023 0.846 0.911 0.423 0.633 0.655 0.996 0.013 0.803 0.719 0.248 0.464 0.871 0.826 0.252 0.429 0.737 0.729 0.325 0.752 0.137 0.177 0.174 0.233 0.177 0.988 0.474 0.499 0.482 0.039 0.565 0.316 0.312 0.763 0.034 0.711 0.722 0.494 0.964 0.000 0.311 0.332 0.317 0.193 0.618 0.857 0.660 0.253 0.337 0.962 0.173 0.804 0.618 0.815 0.468 0.596 0.658 0.867 0.028 0.526 0.535 0.517 0.414 0.951 0.727 0.820 0.942 0.869 0.893 0.050 0.529 0.203 0.387 0.159 0.973 0.357 0.822 0.863 0.490 0.803 0.533 0.129 0.991 0.536 0.028 0.095 0.336 0.395 0.396 0.072 0.495 0.681 0.362 0.584 0.878 0.790 0.497 0.495 0.180 0.485 0.892 0.776 0.031 0.909 0.146 0.213 0.158 0.897 0.775 0.375 0.243 0.334 0.585 0.258 0.114 0.776 0.565 0.770 0.073 0.722 0.392 0.805 0.565 0.587 0.490 0.127 0.573 0.141 0.630 0.224 0.396 0.491 0.287 0.001 0.732 0.449 0.186 0.972 0.381 0.874 0.406 0.735 0.051 0.211 0.029 0.738 0.475 0.160 0.047 0.051 0.136 0.776 0.864 0.767 0.189 0.511 0.250 0.367 0.382 0.002 0.770 0.574 0.389 0.132 0.777 0.877 0.276 0.730 0.715 0.959 0.554 0.124 0.941 0.306 0.992 0.581 0.089 0.801 0.664 0.359 0.898 0.661 0.367 0.038 0.152 0.874 0.901 0.136 0.119 0.898 0.792 0.732 0.399 0.626 0.178 0.511 0.128 0.204 0.843 0.198 0.651 0.213 0.188 0.433 0.657 0.988 0.837 0.041 0.485 0.307 0.280 0.459 0.185 0.040 0.684 0.021 0.421 0.900 0.806 0.067 0.027 0.603 0.419 0.986 0.123 0.644 0.001 0.959 0.909 0.011 0.237 0.727 0.833 0.853 0.568 0.515 0.800 0.385 0.214 0.322 0.874 0.834 0.260 0.875 0.869 0.289 0.874 0.875 0.829 0.249 0.133 0.209 0.781 0.983 0.490 0.985 0.946 0.970 0.531 0.863 0.624 0.939 0.701 0.489 0.427 0.800 0.731 0.238 0.171 0.247 0.288 0.703 0.827 0.155 0.370 0.060 0.940 0.066 0.735 0.970 0.269 0.804 0.794 0.541 0.871 0.076 0.911 0.290 0.773 0.191 0.318 0.041 0.294 0.195 0.123 0.425 0.334 0.162 0.438 0.172 0.991 0.190 0.531 0.327 0.884 0.395 0.363 0.782 0.594 0.481 0.812 0.181 0.985 0.608 0.982 0.020 0.439 0.863 0.368 0.302 0.959 0.162 0.796 0.275 0.400 0.206 0.572 0.246 0.281 0.245 0.924 0.588 0.983 0.517 0.219 0.678 0.701 0.324 0.855 0.600 0.442 0.599 0.841 0.435 0.326 0.950 0.138 0.528 0.583 0.366 0.684 0.305 0.546 0.384 0.550 0.457 0.301 0.359 0.310 0.483 0.791 0.017 0.925 0.545 0.749 0.828 0.760 0.338 0.391 0.195 0.509 0.726 0.704 0.847 0.140 0.808 0.612 0.655 0.538 0.977 0.230 0.864 0.722 0.242 0.104 0.786 0.296 0.334 0.446 0.194 0.095 0.810 0.457 0.138 0.266 0.625 0.590 0.450 0.529 0.337 0.659 0.097 0.079 0.271 0.520 0.332 0.633 0.633 0.096 0.125 0.787 0.974 0.750 0.788 0.189 0.996 0.514 0.579 0.739 0.729 0.343 0.447 0.136 0.488 0.622 0.192 0.598 0.941 0.890 0.981 0.348 0.854 0.592 0.407 0.443 0.337 0.810 0.810 0.634 0.874 0.801 0.466 0.354 0.497 0.983 0.990 0.253 0.250 0.404 0.838 0.891 0.643 0.546 0.958 0.431 0.477 0.526 0.283 0.871 0.302 0.780 0.473 0.332 0.607 0.545 0.310 0.720 0.633 0.184 0.751 0.834 0.866 0.258 0.186 0.479 0.692 0.411 0.306 0.952 0.494 0.755 0.346 0.695 0.422 0.176 0.985 0.625 0.109 0.286 0.809 0.080 0.486 0.130 0.380 0.649 0.345 0.089 0.606 0.117 0.225 0.410 0.465 0.537 0.700 0.528 0.287 0.170 0.939 0.694 0.508 0.912 0.964 0.051 0.245 0.690 0.693 0.075 0.661 0.849 0.708 0.758 0.635 0.505 0.740 0.218 0.727 0.898 0.734 0.681 0.230 0.556 0.438 0.397 0.096 0.859 0.365 0.042 0.268 0.910 0.569 0.858 0.357 0.008 0.187 0.576 0.395 0.069 0.282 0.937 0.345 0.070 0.268 0.168 0.566 0.125 0.211 0.906 0.500 0.086 0.835 0.192 0.794 0.221 0.980 0.518 0.177 0.415 0.664 0.258 0.317 0.814 0.295 0.439 0.274 0.472 0.490 0.304 0.790 0.032 0.331 0.831 0.866 0.676 0.361 0.873 0.569 0.541 0.531 0.215 0.302 0.452 0.875 0.033 0.181 0.489 0.622 0.709 0.676 0.910 0.074 0.764 0.664 0.939 0.647 0.640 0.667 0.992 0.285 0.698 0.766 0.095 0.917 0.108 0.766 0.759 0.569 0.471 0.063 0.954 0.146 0.678 0.926 0.163 0.789 0.965 0.683 0.941 0.839 0.414 0.668 0.203 0.493 0.767 0.033 0.098 0.821 0.464 0.434 0.279 0.128 0.735 0.794 0.799 0.619 0.329 0.789 0.244 0.317 0.582 0.958 0.745 0.812 0.535 0.596 0.327 0.745 0.878 0.778 0.606 0.356 0.020 0.596 0.573 0.801 0.201 0.291 0.499 0.155 0.193 0.094 0.879 0.497 0.620 0.516 0.700 0.366 0.865 0.922 0.925 0.689 0.980 0.051 0.474 0.187 0.429 0.524 0.705 0.221 0.179 0.329 0.445 0.579 0.623 0.911 0.887 0.705 0.659 0.763 0.982 0.720 0.245 0.995 0.758 0.786 0.680 0.331 0.916 0.527 0.240 0.634 0.173 0.639 0.922 0.705 0.783 0.460 0.546 0.743 0.302 0.628 0.276 0.499 0.016 0.853 0.997 0.128 0.859 0.355 0.364 0.387 0.875 0.269 0.563 0.470 0.832 0.308 0.676 0.529 0.706 0.349 0.917 0.870 0.383 0.167 0.444 0.752 0.618 0.638 0.408 0.049 0.106 0.531 0.371 0.424 0.160 0.218 0.147 0.338 0.944 0.527 0.894 0.540 0.300 0.530 0.779 0.105 0.254 0.956 0.533 0.046 0.825 0.391 0.570 0.186 0.871 0.753 0.804 0.473 0.536 0.782 0.324 0.670 0.564 0.921 0.327 0.823 0.831 0.859 0.368 0.651 0.824 0.537 0.419 0.633 0.346 0.634 
ofv: 48.000000
Best time: 24.359
Total time:30.231 


Instance: ..\Instances\exeter.txt
RKO: GA | GA | GA | GA | 
Sol: 0.043 0.225 0.024 0.308 0.481 0.973 0.221 0.549 0.451 0.888 0.015 0.851 0.170 0.084 0.863 0.669 0.889 0.090 0.828 0.984 0.080 0.090 0.662 0.856 0.746 0.488 0.145 0.856 0.177 0.236 0.198 0.943 0.363 0.493 0.005 0.489 0.660 0.364 0.864 0.052 0.187 0.902 0.446 0.687 0.710 0.856 0.819 0.029 0.104 0.160 0.101 0.131 0.912 0.265 0.592 0.348 0.009 0.993 0.662 0.429 0.258 0.736 0.897 0.184 0.201 0.569 0.972 0.071 0.932 0.515 0.648 0.612 0.418 0.464 0.328 0.766 0.533 0.314 0.810 0.833 0.272 0.702 0.710 0.421 0.290 0.640 0.803 0.232 0.415 0.034 0.177 0.660 0.549 0.297 0.954 0.991 0.306 0.454 0.134 0.182 0.886 0.561 0.830 0.404 0.085 0.598 0.141 0.052 0.914 0.502 0.191 0.867 0.008 0.200 0.265 0.348 0.160 0.659 0.551 0.098 0.375 0.866 0.488 0.136 0.317 0.336 0.166 0.235 0.144 0.265 0.175 0.668 0.828 0.381 0.887 0.044 0.578 0.358 0.997 0.119 0.721 0.026 0.631 0.212 0.942 0.805 0.871 0.728 0.278 0.534 0.795 0.552 0.445 0.981 0.799 0.392 0.535 0.074 0.345 0.417 0.781 0.003 0.474 0.053 0.749 0.595 0.243 0.276 0.993 0.818 0.439 0.518 0.857 0.100 0.624 1.000 0.870 0.728 0.466 0.044 0.463 0.402 0.326 0.284 0.753 0.117 0.914 0.995 0.301 0.758 0.300 0.600 0.068 0.473 0.380 0.280 0.042 0.824 0.926 0.008 0.441 0.044 0.026 0.258 0.583 0.757 0.335 0.408 0.979 0.240 0.719 0.396 0.617 0.727 0.683 0.392 0.503 0.815 0.129 0.735 0.849 0.491 0.020 0.190 0.032 0.030 0.023 0.698 0.084 0.496 0.776 0.672 0.327 0.590 0.173 0.749 0.151 0.615 0.007 0.310 0.096 0.434 0.794 0.208 0.908 0.786 0.105 0.790 0.098 0.371 0.614 0.540 0.235 0.625 0.056 0.397 0.481 0.012 0.128 0.348 0.268 0.456 0.691 0.667 0.750 0.424 0.781 0.051 0.664 0.141 0.509 0.005 0.579 0.468 0.664 0.977 0.308 0.583 0.389 0.628 0.581 0.917 0.804 0.428 0.105 0.116 0.977 0.867 0.256 0.183 0.544 0.313 0.007 0.192 0.168 0.029 0.828 0.654 0.355 0.561 0.961 0.505 0.093 0.285 0.472 0.518 0.558 0.101 0.268 0.231 0.004 0.988 0.151 0.026 0.449 0.157 0.349 0.726 0.329 0.236 0.004 0.851 0.485 0.917 0.142 0.585 0.738 0.038 0.994 0.181 0.320 0.010 0.624 0.772 0.623 0.836 0.392 0.425 0.962 0.141 0.537 0.036 0.734 0.118 0.313 0.776 0.860 0.736 0.740 0.796 0.593 0.890 0.275 0.138 0.114 0.518 0.981 0.447 0.020 0.615 0.201 0.002 0.192 0.544 0.727 0.248 0.468 0.354 0.478 0.451 0.727 0.462 0.687 0.708 0.859 0.608 0.649 0.432 0.706 0.196 0.186 0.757 0.122 0.421 0.801 0.846 0.266 0.623 0.070 0.838 0.234 0.444 0.414 0.405 0.733 0.321 0.425 0.692 0.481 0.074 0.443 0.310 0.535 0.955 0.804 0.988 0.917 0.803 0.225 0.456 0.892 0.936 0.431 0.854 0.161 0.715 0.538 0.889 0.610 0.910 0.013 0.560 0.540 0.597 0.487 0.345 0.814 0.469 0.924 0.673 0.497 0.089 0.406 0.251 0.243 0.309 0.301 0.442 0.496 0.012 0.972 0.320 0.693 0.175 0.999 0.007 0.314 0.612 0.367 0.481 0.595 0.164 0.006 0.315 0.664 0.264 0.612 0.465 0.818 0.901 0.640 0.614 0.005 0.167 0.896 0.702 0.577 0.170 0.956 0.278 0.318 0.899 0.102 0.990 0.266 0.880 0.833 0.095 0.335 0.567 0.460 0.601 0.598 0.426 0.253 0.498 0.955 0.863 0.880 0.371 0.669 0.611 0.961 0.717 0.025 0.159 0.170 0.401 0.512 0.819 0.173 0.024 0.183 0.491 0.865 0.976 0.692 0.066 0.319 0.809 0.534 0.412 0.552 0.101 0.340 0.837 0.228 0.087 0.630 0.206 0.291 0.755 0.908 0.818 0.597 0.662 0.666 0.403 0.062 0.639 0.931 0.837 0.416 0.820 0.028 0.255 0.728 0.000 0.206 0.000 0.306 0.421 0.504 0.566 0.540 0.211 0.847 0.321 0.007 0.332 0.406 0.969 0.528 0.573 0.688 0.531 0.196 0.464 0.709 0.640 0.992 0.052 0.453 0.983 0.145 0.371 0.947 0.251 0.011 0.044 0.656 0.381 0.811 0.848 0.487 0.686 0.004 0.668 0.393 0.879 0.105 0.658 0.558 0.537 0.962 0.010 0.632 0.398 0.363 0.950 0.622 0.829 0.032 0.234 0.871 0.820 0.289 0.198 0.820 0.512 0.107 0.824 0.205 0.911 0.593 0.680 0.972 0.019 0.383 0.698 0.314 0.975 0.880 0.670 0.010 0.541 0.386 0.691 0.763 0.640 0.825 0.713 0.684 0.364 0.479 0.990 0.391 0.742 0.975 0.590 0.832 0.432 0.932 0.233 0.678 0.581 0.350 0.822 0.399 0.770 0.596 0.388 0.669 0.322 0.172 0.344 0.056 0.629 0.675 0.442 0.195 0.414 0.776 0.165 0.625 0.328 0.711 0.399 0.271 0.040 0.724 0.785 0.403 0.623 0.107 0.684 0.384 0.160 0.930 0.898 0.659 0.352 0.899 0.910 0.359 0.066 0.841 0.694 0.543 0.135 0.672 0.269 0.109 0.348 0.424 0.632 0.796 0.433 0.480 0.377 0.626 0.405 0.958 0.452 0.948 0.383 0.021 0.965 0.817 0.569 0.821 0.989 0.791 0.209 0.741 0.017 0.558 0.316 0.257 0.216 0.937 0.581 0.385 0.840 0.986 0.666 0.253 0.708 0.970 0.258 0.601 0.350 0.193 0.489 0.439 0.675 0.811 0.163 0.835 0.586 0.331 0.616 0.625 0.564 0.689 0.680 0.239 0.397 0.063 0.821 0.601 0.811 0.282 0.338 0.630 0.511 0.255 0.937 0.978 0.121 0.725 0.143 0.554 0.268 0.097 0.838 0.507 0.267 0.137 0.305 0.819 0.500 0.883 0.687 0.562 0.382 0.611 0.585 0.681 0.807 0.088 0.851 0.423 0.436 0.135 0.271 0.860 0.654 0.455 0.623 0.850 0.516 0.772 0.536 0.143 0.875 0.508 0.428 0.896 0.796 0.614 0.684 0.636 0.412 0.154 0.958 0.894 0.940 0.328 0.796 0.285 0.852 0.227 0.924 0.053 0.270 0.218 0.641 0.750 0.820 0.559 0.334 0.512 0.725 0.341 0.174 0.245 0.476 0.659 0.147 0.783 0.074 0.533 0.772 0.581 0.601 0.048 0.759 0.537 0.172 0.134 0.926 0.192 0.910 0.779 0.198 0.216 0.811 0.943 0.604 0.799 0.974 0.330 0.559 0.409 0.330 0.892 0.091 0.532 0.462 0.492 0.821 0.193 0.451 0.261 0.665 0.578 0.557 0.815 0.697 0.936 0.484 0.924 0.511 0.640 0.415 0.769 0.630 0.504 0.202 0.180 0.405 0.259 0.104 0.253 0.363 0.741 0.866 0.662 0.969 0.028 0.506 0.841 0.785 0.632 0.454 0.043 0.633 0.373 0.028 0.714 0.154 0.089 0.205 0.767 0.873 0.426 0.889 0.895 0.225 0.639 0.619 0.835 0.087 0.952 0.663 0.451 0.503 0.793 0.623 0.149 0.833 0.113 0.475 0.721 0.141 0.576 0.734 0.524 0.667 0.084 0.200 0.042 0.517 0.546 0.552 0.962 0.235 0.911 0.738 0.802 0.882 0.520 0.245 0.014 0.473 0.734 0.764 0.611 0.091 0.521 0.583 0.170 0.448 0.618 0.298 0.376 0.892 0.477 0.672 0.116 0.451 0.369 0.047 0.948 0.820 0.157 0.869 0.418 0.185 0.905 0.008 0.113 0.024 0.960 0.431 0.392 0.656 0.186 0.496 0.816 0.806 0.635 0.466 0.916 0.418 0.191 0.483 0.297 0.238 0.189 0.953 0.554 0.973 0.548 0.024 0.056 0.530 0.849 0.660 0.156 0.307 0.491 0.802 0.821 0.226 0.221 0.889 0.993 0.382 0.128 0.606 0.614 0.044 0.160 0.176 0.760 0.234 0.606 0.484 0.961 0.704 0.596 0.818 0.239 0.140 0.569 0.819 0.440 0.271 0.195 0.666 0.259 0.082 0.365 0.602 0.336 0.426 0.346 0.181 0.139 0.992 0.946 0.493 0.775 0.903 0.819 0.585 0.704 0.307 0.732 0.380 0.894 0.224 0.402 0.927 0.591 0.757 0.313 0.782 0.254 0.613 0.246 0.525 0.720 0.719 0.971 0.127 0.612 0.241 0.639 0.592 0.115 0.867 0.724 0.176 0.719 0.634 0.481 0.973 0.935 0.217 0.407 0.519 0.200 0.923 0.287 0.400 0.279 0.375 0.954 0.927 0.911 0.900 0.280 0.677 0.637 0.982 0.118 0.603 0.434 0.300 0.554 0.079 0.877 0.713 0.942 0.141 0.675 0.838 0.066 0.331 0.973 0.600 0.414 0.512 0.273 0.763 0.554 0.772 0.893 0.562 0.308 0.467 0.398 0.806 0.461 0.127 0.240 0.869 0.402 0.601 0.179 0.397 0.761 0.337 0.287 0.911 0.298 0.944 0.656 0.307 0.332 0.135 0.720 0.774 0.462 0.806 0.869 0.463 0.849 0.955 0.357 0.177 0.385 0.717 0.254 0.766 0.676 0.213 0.784 0.843 0.931 0.496 0.187 0.994 0.102 0.974 0.856 0.885 0.722 0.841 0.387 0.713 0.348 0.732 0.778 0.723 0.171 0.543 0.484 0.814 0.707 0.744 0.185 0.412 0.448 0.583 0.616 0.118 0.332 0.198 0.560 0.591 0.262 0.111 0.427 0.975 0.508 0.306 0.637 0.876 0.381 0.480 0.674 0.666 0.019 0.013 0.293 0.368 0.770 0.320 0.298 0.927 0.166 0.659 0.652 0.699 0.147 0.707 0.231 0.821 0.810 0.690 0.822 0.385 0.889 0.455 0.338 0.459 0.958 0.732 0.041 0.768 0.282 0.067 0.348 0.849 0.041 0.978 0.077 0.615 0.727 0.327 0.928 0.141 0.505 0.949 0.575 0.640 0.754 0.218 0.993 0.478 0.753 0.504 0.734 0.250 0.537 0.007 
ofv: 51.000000
Best time: 24.978
Total time:30.257 


Instance: ..\Instances\exeter.txt
RKO: SA | SA | SA | SA | 
Sol: 0.024 0.820 0.347 0.593 0.317 0.251 0.535 0.087 0.841 0.169 0.302 0.695 0.836 0.159 0.754 0.428 0.820 0.192 0.233 0.061 0.078 0.819 0.309 0.141 0.846 0.591 0.289 0.663 0.985 0.021 0.031 0.895 0.344 0.121 0.690 0.937 0.842 0.849 0.684 0.260 0.871 0.296 0.674 0.327 0.001 0.866 0.305 0.877 0.902 0.533 0.759 0.846 0.560 0.339 0.746 0.188 0.629 0.513 0.364 0.831 0.794 0.864 0.555 0.083 0.511 0.630 0.089 0.287 0.212 0.975 0.925 0.504 0.201 0.703 0.345 0.268 0.475 0.654 0.055 0.670 0.905 0.161 0.721 0.397 0.503 0.194 0.879 0.288 0.050 0.431 0.514 0.335 0.331 0.565 0.267 0.701 0.770 0.800 0.950 0.017 0.595 0.812 0.018 0.435 0.719 0.946 0.053 0.621 0.114 0.171 0.619 0.767 0.512 0.326 0.974 0.213 0.335 0.155 0.605 0.079 0.548 0.486 0.008 0.741 0.491 0.627 0.621 0.764 0.215 0.169 0.305 0.406 0.244 0.268 0.566 0.801 0.039 0.404 0.334 0.391 0.013 0.116 0.295 0.974 0.975 0.489 0.187 0.731 0.483 0.667 0.522 0.605 0.883 0.045 0.644 0.723 0.722 0.614 0.090 0.100 0.290 0.521 0.775 0.006 0.629 0.414 0.761 0.713 0.675 0.930 0.957 0.924 0.255 0.860 0.512 0.472 0.344 0.835 0.798 0.918 0.118 0.531 0.643 0.868 0.618 0.720 0.693 0.018 0.149 0.777 0.978 0.679 0.443 0.645 0.546 0.035 0.464 0.359 0.151 0.788 0.207 0.330 0.026 0.659 0.222 0.263 0.959 0.737 0.646 0.743 0.700 0.787 0.734 0.126 0.884 0.480 0.371 0.867 0.050 0.264 0.911 0.575 0.304 0.776 0.752 0.101 0.016 0.769 0.499 0.589 0.474 0.041 0.851 0.449 0.104 0.935 0.955 0.628 0.587 0.878 0.635 0.013 0.561 0.699 0.116 0.151 0.197 0.615 0.443 0.028 0.223 0.028 0.894 0.725 0.960 0.947 0.944 0.144 0.401 0.160 0.888 0.793 0.201 0.012 0.724 0.315 0.474 0.581 0.955 0.009 0.128 0.649 0.646 0.543 0.331 0.933 0.036 0.592 0.328 0.295 0.568 0.833 0.549 0.982 0.134 0.732 0.264 0.956 0.940 0.059 0.100 0.458 0.074 0.978 0.057 0.142 0.040 0.296 0.844 0.809 0.893 0.218 0.391 0.285 0.249 0.917 0.760 0.010 0.165 0.648 0.046 0.465 0.655 0.401 0.686 0.379 0.714 0.247 0.075 0.465 0.955 0.853 0.133 0.660 0.822 0.803 0.182 0.437 0.544 0.192 0.050 0.260 0.537 0.494 0.151 0.480 0.410 0.274 0.058 0.695 0.148 0.687 0.824 0.539 0.122 0.018 0.957 0.752 0.168 0.021 0.415 0.190 0.612 0.286 0.946 0.779 0.572 0.117 0.610 0.726 0.845 0.870 0.816 0.010 0.381 0.131 0.939 0.849 0.620 0.553 0.246 0.658 0.152 0.758 0.109 0.125 0.673 0.089 0.307 0.881 0.898 0.658 0.017 0.551 0.926 0.001 0.854 0.514 0.388 0.919 0.518 0.152 0.200 0.654 0.046 0.053 0.358 0.964 0.917 0.973 0.014 0.736 0.566 0.303 0.964 0.622 0.278 0.367 0.606 0.885 0.310 0.673 0.071 0.215 0.816 0.345 0.480 0.466 0.002 0.815 0.020 0.936 0.655 0.944 0.606 0.129 0.771 0.977 0.174 0.064 0.134 0.011 0.935 0.758 0.141 0.376 0.623 0.512 0.393 0.166 0.257 0.557 0.526 0.177 0.037 0.932 0.596 0.868 0.093 0.042 0.859 0.626 0.211 0.536 0.501 0.829 0.377 0.966 0.172 0.754 0.855 0.381 0.396 0.364 0.703 0.662 0.242 0.514 0.271 0.208 0.881 0.868 0.354 0.878 0.126 0.663 0.823 0.050 0.807 0.782 0.243 0.596 0.700 0.265 0.851 0.812 0.557 0.020 0.581 0.131 0.778 0.096 0.850 0.330 0.638 0.211 0.575 0.125 0.701 0.591 0.790 0.641 0.482 0.645 0.732 0.717 0.411 0.039 0.108 0.697 0.658 0.307 0.084 0.028 0.648 0.372 0.313 0.259 0.423 0.258 0.317 0.121 0.328 0.541 0.962 0.021 0.084 0.778 0.419 0.181 0.110 0.626 0.648 0.850 0.054 0.448 0.012 0.150 0.658 0.368 0.250 0.133 0.978 0.661 0.787 0.952 0.752 0.818 0.038 0.788 0.801 0.013 0.866 0.597 0.131 0.901 0.924 0.591 0.395 0.713 0.976 0.376 0.994 0.182 0.211 0.459 0.618 0.678 0.111 0.515 0.566 0.355 0.193 0.705 0.476 0.211 0.133 0.219 0.686 0.585 0.749 0.685 0.066 0.577 0.494 0.860 0.481 0.548 0.431 0.161 0.409 0.076 0.124 0.484 0.939 0.597 0.094 0.685 0.268 0.598 0.845 0.033 0.498 0.704 0.969 0.417 0.061 0.713 0.507 0.874 0.350 0.386 0.875 0.020 0.025 0.646 0.761 0.496 0.715 0.316 0.757 0.653 0.225 0.524 0.764 0.122 0.615 0.469 0.577 0.073 0.200 0.626 0.463 0.971 0.008 0.339 0.682 0.624 0.594 0.538 0.692 0.125 0.492 0.869 0.121 0.768 0.503 0.552 0.919 0.102 0.931 0.983 0.927 0.897 0.882 0.285 0.178 0.166 0.852 0.300 0.436 0.510 0.757 0.666 0.242 0.719 0.486 0.614 0.858 0.798 0.163 0.185 0.336 0.408 0.067 0.621 0.016 0.096 0.056 0.841 0.333 0.953 0.070 0.110 0.615 0.074 0.032 0.234 0.543 0.330 0.637 0.861 0.365 0.121 0.653 0.512 0.753 0.015 0.193 0.829 0.934 0.109 0.136 0.875 0.123 0.443 0.816 0.503 0.385 0.425 0.832 0.689 0.729 0.124 0.518 0.752 0.873 0.310 0.963 0.769 0.991 0.250 0.530 0.655 0.112 0.398 0.270 0.278 0.166 0.188 0.552 0.268 0.109 0.328 0.277 0.627 0.920 0.162 0.802 0.744 0.434 0.926 0.636 0.851 0.643 0.189 0.427 0.938 0.321 0.866 0.881 0.050 0.603 0.739 0.753 0.245 0.357 0.305 0.339 0.619 0.034 0.699 0.030 0.419 0.202 0.477 0.044 0.906 0.518 0.690 0.909 0.829 0.848 0.305 0.057 0.931 0.688 0.062 0.119 0.919 0.273 0.585 0.708 0.671 0.613 0.664 0.389 0.170 0.068 0.751 0.450 0.396 0.514 0.870 0.490 0.652 0.698 0.837 0.228 0.368 0.842 0.581 0.473 0.783 0.970 0.746 0.466 0.880 0.892 0.475 0.259 0.745 0.816 0.747 0.178 0.057 0.481 0.588 0.233 0.542 0.057 0.470 0.840 0.350 0.932 0.175 0.490 0.352 0.779 0.597 0.201 0.076 0.872 0.192 0.306 0.910 0.667 0.747 0.494 0.069 0.955 0.085 0.594 0.371 0.482 0.730 0.308 0.885 0.222 0.987 0.868 0.743 0.311 0.228 0.678 0.730 0.296 0.028 0.866 0.982 0.981 0.307 0.786 0.891 0.726 0.720 0.482 0.781 0.315 0.763 0.700 0.708 0.271 0.278 0.515 0.228 0.422 0.345 0.913 0.894 0.397 0.948 0.363 0.269 0.934 0.427 0.449 0.914 0.686 0.152 0.096 0.163 0.342 0.224 0.410 0.966 0.123 0.603 0.097 0.140 0.961 0.408 0.477 0.874 0.101 0.863 0.850 0.847 0.259 0.873 0.224 0.237 0.223 0.602 0.411 0.746 0.917 0.399 0.554 0.885 0.449 0.816 0.475 0.698 0.200 0.409 0.325 0.433 0.314 0.312 0.925 0.425 0.747 0.808 0.931 0.725 0.456 0.976 0.300 0.372 0.636 0.558 0.601 0.687 0.732 0.363 0.829 0.524 0.744 0.058 0.493 0.257 0.070 0.609 0.873 0.659 0.686 0.815 0.624 0.070 0.485 0.858 0.779 0.887 0.295 0.778 0.244 0.305 0.096 0.606 0.091 0.747 0.209 0.190 0.834 0.099 0.419 0.285 0.530 0.488 0.612 0.244 0.080 0.633 0.855 0.243 0.270 0.805 0.728 0.652 0.521 0.917 0.676 0.847 0.713 0.022 0.587 0.100 0.761 0.239 0.078 0.711 0.930 0.636 0.100 0.588 0.738 0.795 0.450 0.513 0.998 0.534 0.519 0.960 0.773 0.706 0.566 0.779 0.738 0.844 0.760 0.817 0.524 0.713 0.268 0.565 0.973 0.475 0.368 0.786 0.926 0.934 0.352 0.193 0.060 0.299 0.804 0.746 0.352 0.375 0.605 0.885 0.116 0.523 0.678 0.167 0.034 0.098 0.958 0.447 0.799 0.228 0.362 0.682 0.587 0.328 0.468 0.743 0.717 0.415 0.625 0.731 0.307 0.054 0.960 0.412 0.417 0.866 0.691 0.546 0.358 0.589 0.119 0.156 0.519 0.556 0.879 0.385 0.239 0.008 0.291 0.992 0.337 0.934 0.661 0.027 0.039 0.164 0.820 0.704 0.047 0.951 0.266 0.376 0.779 0.339 0.581 0.267 1.000 0.081 0.549 0.379 0.272 0.349 0.526 0.836 0.605 0.193 0.013 0.614 0.170 0.084 0.390 0.880 0.094 0.977 0.091 0.215 0.956 0.776 0.740 0.242 0.403 0.250 0.036 0.699 0.326 0.419 0.595 1.000 0.432 0.627 0.520 0.248 0.230 0.858 0.349 0.499 0.183 0.422 0.904 0.333 0.210 0.284 0.675 0.257 0.565 0.640 0.524 0.529 0.901 0.186 0.941 0.424 0.865 0.798 0.708 0.431 0.864 0.178 0.211 0.795 0.466 0.219 0.692 0.223 0.696 0.314 0.048 0.409 0.515 0.387 0.812 0.225 0.437 0.232 0.701 0.125 0.250 0.562 0.664 0.096 0.401 0.033 0.340 0.303 0.599 0.478 0.846 0.416 0.608 0.397 0.887 0.128 0.298 0.678 0.972 0.661 0.938 0.140 0.655 0.183 0.275 0.030 0.354 0.103 0.708 0.674 0.883 0.384 0.953 0.086 0.249 0.341 0.450 0.707 0.918 0.178 0.924 0.413 0.281 0.551 0.943 0.020 0.690 0.489 0.039 0.262 0.965 0.872 0.707 0.362 0.277 0.428 0.645 0.611 0.665 0.945 0.259 0.275 0.806 0.340 0.729 0.408 0.194 0.111 0.328 0.438 0.474 0.799 
ofv: 50.000000
Best time: 23.183
Total time:30.259 


Instance: ..\Instances\exeter.txt
RKO: PSO | PSO | PSO | PSO | 
Sol: 0.815 0.787 0.042 0.343 0.872 0.542 0.434 0.743 0.693 0.292 0.061 0.391 0.385 0.898 0.313 0.094 0.019 0.374 0.786 0.049 0.991 0.038 0.955 0.976 0.385 0.434 0.819 0.419 0.410 0.680 0.394 0.989 0.025 0.470 0.116 0.306 0.551 0.367 0.239 0.745 0.676 0.169 0.928 0.160 0.006 0.537 0.303 0.702 0.640 0.149 0.150 0.696 0.815 0.822 0.330 0.103 0.344 0.539 0.900 0.962 0.651 0.627 0.567 0.570 0.855 0.801 0.969 0.418 0.417 0.664 0.213 0.504 0.088 0.828 0.059 0.117 0.609 0.166 0.465 0.171 0.784 0.355 0.082 0.170 0.329 0.978 0.058 0.600 0.237 0.114 0.971 0.678 0.286 0.878 0.935 0.468 0.453 0.214 0.785 0.932 0.145 0.983 0.247 0.994 0.065 0.771 0.778 0.696 0.180 0.705 0.414 0.026 0.294 0.657 0.869 0.229 0.518 0.217 0.858 0.213 0.183 0.797 0.997 0.556 0.045 0.759 0.546 0.744 0.248 0.089 0.698 0.655 0.080 0.585 0.680 0.006 0.656 0.481 0.910 0.349 0.271 0.134 0.052 0.414 0.415 0.766 0.587 0.796 0.772 0.380 0.962 0.246 0.382 0.501 0.857 0.778 0.478 0.260 0.010 0.025 0.807 0.395 0.173 0.477 0.907 0.046 0.826 0.456 0.035 0.578 0.953 0.743 0.284 0.802 0.877 0.472 0.902 0.212 0.871 0.721 0.171 0.746 0.079 0.605 0.381 0.384 0.418 0.091 0.868 0.240 0.918 0.507 0.104 0.800 0.485 0.394 0.382 0.623 0.417 0.572 0.040 0.172 0.269 0.458 0.510 0.224 0.742 0.551 0.505 0.278 0.862 0.466 0.909 0.522 0.732 0.398 0.183 0.056 0.926 0.055 0.882 0.415 0.933 0.477 0.096 0.667 0.016 0.039 0.114 0.195 0.152 0.848 0.875 0.719 0.732 0.538 0.831 0.784 0.574 0.657 0.104 0.108 0.218 0.970 0.087 0.104 0.296 0.296 0.321 0.091 0.302 0.048 0.271 0.469 0.254 0.802 0.755 0.239 0.044 0.470 0.310 0.923 0.216 0.518 0.798 0.863 0.868 0.540 0.690 0.134 0.402 0.000 0.749 0.834 0.943 0.435 0.707 0.093 0.142 0.660 0.225 0.419 0.950 0.607 0.735 0.922 0.977 0.595 0.176 0.155 0.588 0.440 0.024 0.651 0.890 0.838 0.508 0.444 0.848 0.906 0.394 0.285 0.568 0.025 0.620 0.110 0.418 0.245 0.298 0.509 0.038 0.191 0.375 0.475 0.801 0.587 0.248 0.818 0.081 0.613 0.264 0.110 0.825 0.075 0.019 0.290 0.820 0.233 0.259 0.440 0.536 0.439 0.972 0.234 0.095 0.565 0.516 0.267 0.074 0.923 0.750 0.928 0.326 0.144 0.778 0.670 0.791 0.219 0.661 0.745 0.095 0.282 0.335 0.592 0.383 0.124 0.335 0.303 0.987 0.587 0.785 0.250 0.697 0.036 0.238 0.409 0.620 0.246 0.854 0.630 0.535 0.748 0.356 0.394 0.771 0.383 0.095 0.094 0.824 0.901 0.064 0.115 0.865 0.297 0.596 0.784 0.465 0.134 0.111 0.431 0.509 0.844 0.994 0.845 0.671 0.827 0.268 0.853 0.459 0.147 0.343 0.117 0.235 0.309 0.502 0.224 0.743 0.278 0.348 0.060 0.636 0.233 0.885 0.618 0.335 0.640 0.938 0.613 0.165 0.271 0.416 0.330 0.638 0.384 0.694 0.009 0.402 0.358 0.063 0.984 0.774 0.704 0.821 0.300 0.415 0.975 0.578 0.581 0.159 0.687 0.714 0.130 0.371 0.058 0.830 0.681 0.044 0.582 0.285 0.797 0.563 0.134 0.166 0.700 0.014 0.867 0.965 0.819 0.772 0.009 0.976 0.183 0.506 0.730 0.292 0.298 0.148 0.132 0.175 0.031 0.680 0.075 0.004 0.752 0.659 0.041 0.372 0.957 0.856 0.623 0.145 0.072 0.551 0.821 0.050 0.319 0.332 0.679 0.256 0.798 0.425 0.670 0.125 0.118 0.027 0.978 0.133 0.214 0.040 0.244 0.972 0.129 0.279 0.190 0.418 0.319 0.452 0.835 0.155 0.554 0.446 0.246 0.808 0.233 0.092 0.124 0.468 0.825 0.368 0.760 0.830 0.914 0.775 0.336 0.239 0.867 0.966 0.307 0.470 0.897 0.057 0.468 0.656 0.635 0.436 0.409 0.843 0.635 0.818 0.103 0.078 0.347 0.380 0.099 0.371 0.849 0.859 0.195 0.208 0.764 0.341 0.580 0.362 0.252 0.684 0.988 0.675 0.042 0.061 0.035 0.052 0.802 0.833 0.369 0.690 0.149 0.532 0.534 0.772 0.069 0.088 0.123 0.001 0.718 0.726 0.802 0.547 0.574 0.170 0.545 0.876 0.572 0.075 0.398 0.284 0.196 0.891 0.774 0.193 0.931 0.914 0.917 0.254 0.046 0.983 0.579 0.175 0.673 0.271 0.927 0.960 0.815 0.645 0.279 0.852 0.568 0.199 0.347 0.400 0.363 0.209 0.964 0.788 0.861 0.493 0.049 0.900 0.385 0.702 0.315 0.206 0.555 0.409 0.613 0.229 0.842 0.041 0.012 0.349 0.496 0.166 0.573 0.900 0.733 0.751 0.617 0.998 0.852 0.194 0.073 0.692 0.064 0.883 0.512 0.310 0.118 0.323 0.516 0.505 0.079 0.101 0.783 0.616 0.409 0.919 0.618 0.777 0.158 0.802 0.840 0.411 0.538 0.138 0.469 0.912 0.969 0.419 0.940 0.967 0.502 0.690 0.258 0.675 0.970 0.235 0.518 0.362 0.895 0.545 0.179 0.918 0.867 0.766 0.908 0.618 0.762 0.900 0.215 0.184 0.030 0.105 0.796 0.495 0.023 0.758 0.450 0.262 0.672 0.257 0.099 0.521 0.687 0.902 0.629 0.397 0.173 0.685 0.536 0.385 0.082 0.664 0.437 0.709 0.345 0.974 0.516 0.072 0.776 0.554 0.795 0.418 0.939 0.413 0.079 0.488 0.242 0.794 0.919 0.055 0.894 0.785 0.040 0.282 0.850 0.790 0.989 0.943 0.196 0.572 0.445 0.872 0.131 0.896 0.619 0.565 0.878 0.122 0.222 0.438 0.414 0.403 0.360 0.974 0.345 0.544 0.810 0.369 0.255 0.780 0.387 0.674 0.840 0.459 0.221 0.352 0.150 0.174 0.673 0.241 0.754 0.256 0.588 0.498 0.321 0.896 0.358 0.414 0.251 0.081 0.698 0.401 0.126 0.770 0.232 0.044 0.220 0.845 0.619 0.837 0.991 0.369 0.818 0.849 0.594 0.707 0.299 0.658 0.067 0.480 0.706 0.053 0.249 0.847 0.402 0.249 0.038 0.130 0.801 0.611 0.178 0.141 0.668 0.635 0.446 0.567 0.257 0.018 0.750 0.786 0.311 0.471 0.381 0.420 0.375 0.853 0.019 0.121 0.708 0.851 0.785 0.731 0.783 0.955 0.359 0.301 0.742 0.651 0.072 0.540 0.629 0.233 0.926 0.634 0.984 0.308 0.480 0.377 0.175 0.786 0.688 0.905 0.320 0.975 0.745 0.046 0.063 0.925 0.839 0.348 0.254 0.964 0.015 0.934 0.309 0.879 0.882 0.926 0.303 0.198 0.950 0.437 0.352 0.694 0.496 0.284 0.070 0.863 0.608 0.616 0.240 0.465 0.066 0.144 0.236 0.378 0.134 0.044 0.305 0.633 0.314 0.794 0.266 0.089 0.945 0.499 0.091 0.787 0.769 0.702 0.339 0.925 0.065 0.025 0.369 0.076 0.360 0.241 0.973 0.571 0.394 0.264 0.403 0.332 0.443 0.883 0.527 0.695 0.949 0.221 0.146 0.426 0.106 0.240 0.964 0.369 0.297 0.020 0.217 0.807 0.715 0.679 0.327 0.312 0.610 0.709 0.338 0.321 0.222 0.035 0.569 0.109 0.019 0.497 0.796 0.174 0.350 0.857 0.131 0.877 0.706 0.280 0.468 0.654 0.099 0.131 0.269 0.339 0.254 0.489 0.208 0.336 0.215 0.146 0.616 0.663 0.959 0.218 0.166 0.550 0.016 0.906 0.402 0.148 0.850 0.436 0.092 0.193 0.801 0.374 0.379 0.385 0.156 0.979 0.840 0.165 0.640 0.464 0.941 0.278 0.791 0.420 0.743 0.995 0.082 0.857 0.856 0.071 0.881 0.181 0.591 0.201 0.880 0.922 0.716 0.953 0.855 0.279 0.875 0.114 0.294 0.810 0.657 0.485 0.511 0.442 0.908 0.351 0.668 0.029 0.118 0.600 0.640 0.626 0.995 0.384 0.789 0.122 0.752 0.839 0.975 0.276 0.087 0.673 0.577 0.163 0.475 0.097 0.909 0.088 0.826 0.612 0.065 0.170 0.665 0.233 0.093 0.509 0.955 0.813 0.902 0.395 0.433 0.769 0.067 0.985 0.680 0.756 0.325 0.709 0.783 0.770 0.711 0.096 0.262 0.517 0.519 0.789 0.201 0.505 0.450 0.370 0.363 0.599 0.773 0.316 0.300 0.514 0.757 0.977 0.807 0.783 0.071 0.154 0.448 0.401 0.642 0.254 0.358 0.830 0.071 0.433 0.677 0.259 0.708 0.107 0.607 0.065 0.531 0.601 0.055 0.159 0.351 0.543 0.327 0.509 0.781 0.941 0.761 0.074 0.489 0.208 0.360 0.846 0.457 0.659 0.933 0.428 0.395 0.053 0.722 0.896 0.451 0.601 0.101 0.214 0.682 0.833 0.980 0.633 0.047 0.899 0.593 0.755 0.770 0.430 0.822 0.818 0.613 0.306 0.730 0.828 0.518 0.493 0.973 0.355 0.189 0.141 0.963 0.983 0.656 0.327 0.121 0.999 0.162 0.369 0.350 0.741 0.906 0.317 0.954 0.245 0.097 0.244 0.274 0.479 0.553 0.765 0.427 0.731 0.588 0.508 0.313 0.734 0.950 0.913 0.481 0.679 0.165 0.938 0.083 0.720 0.599 0.932 0.820 0.370 0.517 0.208 0.404 0.658 0.188 0.231 0.612 0.073 0.716 0.771 0.159 0.010 0.805 0.084 0.455 0.672 0.317 0.615 0.128 0.737 0.838 0.276 0.484 0.607 0.759 0.256 0.330 0.658 0.212 0.660 0.118 0.024 0.243 0.867 0.761 0.645 0.732 0.142 0.309 0.645 0.337 0.614 0.830 0.384 0.425 0.378 0.834 0.054 0.045 0.561 0.617 0.763 0.279 0.049 0.158 0.432 0.113 0.373 0.597 0.571 0.836 0.486 0.057 0.538 0.910 
ofv: 49.000000
Best time: 23.860
Total time:30.235 


Instance: ..\Instances\leeds.txt
RKO: GA | GA | GA | GA | 
Sol: 0.816 0.782 0.757 0.587 0.058 0.299 0.317 0.561 0.527 0.935 0.611 0.456 0.735 0.029 0.324 0.835 0.210 0.302 0.960 0.683 0.347 0.679 0.565 0.835 0.575 0.256 0.433 0.358 0.864 0.790 0.111 0.425 0.248 0.063 0.474 0.921 0.829 0.187 0.275 0.152 0.078 0.246 0.139 0.115 0.284 0.915 0.042 0.649 0.229 0.854 0.473 0.820 0.899 0.692 0.896 0.011 0.728 0.407 0.479 0.002 0.208 0.339 0.824 0.956 0.992 0.632 0.376 0.240 0.932 0.231 0.302 0.672 0.938 0.332 0.449 0.664 0.138 0.238 0.135 0.523 0.476 0.468 0.517 0.877 0.699 0.349 0.436 0.076 0.346 0.924 0.426 0.838 0.598 0.445 0.172 0.792 0.212 0.341 0.291 0.133 0.256 0.425 0.940 0.962 0.385 0.697 0.649 0.296 0.949 0.339 0.409 0.831 0.563 0.704 0.197 0.669 0.402 0.829 0.119 0.008 0.665 0.004 0.850 0.669 0.384 0.607 0.096 0.851 0.173 0.929 0.053 0.691 0.650 0.351 0.264 0.293 0.523 0.854 0.986 0.109 0.670 0.170 0.987 0.854 0.227 0.641 0.392 0.877 0.113 0.126 0.143 0.026 0.022 0.749 0.907 0.970 0.684 0.012 0.471 0.543 0.494 0.815 0.266 0.150 0.726 0.122 0.608 0.878 0.003 0.611 0.233 0.223 0.786 0.490 0.149 0.410 0.095 0.131 0.400 0.572 0.967 0.677 0.317 0.562 0.049 0.267 0.146 0.108 0.001 0.014 0.471 0.467 0.233 0.735 0.198 0.301 0.549 0.030 0.649 0.554 0.565 0.010 0.746 0.744 0.866 0.123 0.493 0.195 0.600 0.669 0.948 0.165 0.050 0.596 0.983 0.240 0.642 0.582 0.002 0.949 0.518 0.084 0.897 0.886 0.836 0.434 0.858 0.974 0.480 0.269 0.593 0.668 0.680 0.535 0.391 0.532 0.391 0.343 0.316 0.003 0.133 0.946 0.686 0.780 0.367 0.672 0.507 0.747 0.894 0.484 0.819 0.115 0.927 0.842 0.073 0.332 0.336 0.160 0.092 0.769 0.817 0.041 0.073 0.972 0.596 0.867 0.808 0.696 0.072 0.583 0.190 0.321 0.702 0.682 0.974 0.938 0.071 0.438 0.916 0.072 0.160 0.056 0.414 0.584 0.347 0.086 0.147 0.538 0.359 0.339 0.856 0.281 0.869 0.812 0.563 0.394 0.656 0.176 0.885 0.174 0.506 0.934 0.831 0.139 0.930 0.872 0.837 0.057 0.040 0.261 0.952 0.609 0.104 0.527 0.493 0.453 0.843 0.882 0.767 0.310 0.455 0.352 0.112 0.523 0.808 0.001 0.125 0.937 0.686 0.974 0.423 0.456 0.941 0.359 0.586 0.504 0.717 0.835 0.856 0.673 0.845 0.240 0.802 0.400 0.485 0.618 0.623 0.303 0.808 0.073 0.113 0.223 0.139 0.898 0.848 0.510 0.532 0.386 0.596 0.205 0.524 0.824 0.067 0.107 0.861 0.115 0.657 0.402 0.687 0.721 0.445 0.994 0.470 0.842 0.894 0.446 0.554 0.739 0.405 0.482 0.121 0.536 0.845 0.247 0.445 0.106 0.814 0.542 0.820 0.699 0.260 0.192 0.005 0.161 0.650 0.395 0.530 0.272 0.468 0.432 0.357 0.074 0.735 0.202 0.104 0.296 0.370 0.882 0.746 0.681 0.805 0.563 0.422 0.494 0.910 0.286 0.366 0.609 0.081 0.552 0.026 0.466 0.819 0.698 0.450 0.750 0.758 0.549 0.474 0.198 0.718 0.645 0.317 0.054 0.093 0.442 0.145 0.222 0.452 0.482 0.380 0.433 0.102 0.667 0.537 0.432 0.333 0.629 0.309 0.317 0.777 0.186 0.014 0.325 0.014 0.259 0.367 0.452 0.881 0.191 0.092 0.536 0.010 0.089 0.628 0.229 0.499 0.680 0.943 0.061 0.647 0.307 0.903 0.976 0.779 0.912 0.102 0.425 0.122 0.062 0.477 0.246 0.721 0.006 0.042 0.377 0.159 0.724 0.570 0.845 0.278 0.968 0.594 0.563 0.373 0.477 0.690 0.011 0.226 0.356 0.743 0.997 0.455 0.769 0.246 0.079 0.082 0.173 0.466 0.095 0.186 0.370 0.542 0.960 0.688 0.253 0.239 0.207 0.541 0.169 0.690 0.255 0.690 0.892 0.247 0.676 0.737 0.999 0.946 0.800 0.141 0.419 0.874 0.174 0.138 0.003 0.009 0.181 0.263 0.370 0.827 0.458 0.733 0.044 0.862 0.753 0.500 0.563 0.783 0.167 0.092 0.678 0.411 0.559 0.002 0.204 0.003 0.039 0.684 0.728 0.405 0.129 0.843 0.447 0.164 0.922 0.932 0.501 0.860 0.640 0.086 0.303 0.080 0.842 0.269 0.676 0.218 0.152 0.470 0.361 0.681 0.194 0.376 0.514 0.920 0.634 0.947 0.249 0.229 0.241 0.499 0.418 0.519 0.215 0.854 0.645 0.057 0.401 0.482 0.529 0.200 0.441 0.113 0.730 0.350 0.665 0.616 0.409 0.714 0.358 0.267 0.621 0.871 0.160 0.143 0.883 0.336 0.385 0.620 0.893 0.159 0.919 0.834 0.471 0.097 0.655 0.047 0.476 0.325 0.094 0.537 0.025 0.864 0.482 0.431 0.713 0.761 0.687 0.053 0.847 0.532 0.059 0.504 0.760 0.547 0.687 0.198 0.265 0.321 0.783 0.064 0.752 0.151 0.810 0.322 0.303 0.788 0.021 0.235 0.771 0.662 0.790 0.341 0.873 0.694 0.695 0.722 0.040 0.381 0.646 0.900 0.517 0.863 0.781 0.263 0.071 0.883 0.280 0.388 0.563 0.394 0.912 0.026 0.147 0.791 0.894 0.194 0.303 0.010 0.798 0.093 0.927 0.755 0.360 0.666 0.511 0.786 0.369 0.575 0.593 0.303 0.680 0.162 0.710 0.939 0.078 0.202 0.443 0.297 0.756 0.014 0.031 0.867 0.423 0.130 0.359 0.668 0.211 0.618 0.172 0.741 0.387 0.874 0.440 0.287 0.233 0.323 0.351 0.918 0.267 0.491 0.250 0.700 0.966 0.709 0.549 0.117 0.851 0.789 0.010 0.442 0.207 0.398 0.085 0.982 0.847 0.919 0.179 0.093 0.443 0.005 0.885 0.698 0.939 0.489 0.906 0.618 0.781 0.848 0.380 0.953 0.930 0.368 0.879 0.520 0.056 0.737 0.923 0.638 0.740 0.603 0.216 0.442 0.109 0.464 0.484 0.805 0.322 0.643 0.479 0.972 0.916 0.191 0.178 0.865 0.048 0.025 0.791 0.440 0.274 0.854 0.096 0.888 0.190 0.461 0.308 0.994 0.160 0.405 0.592 0.905 0.837 0.794 0.692 0.092 0.523 0.226 0.281 0.489 0.082 0.570 0.272 0.692 0.434 0.808 0.521 0.590 0.290 0.514 0.001 0.709 0.852 0.970 0.457 0.368 0.227 0.966 0.433 0.828 0.048 0.244 0.645 0.079 0.178 0.754 0.984 0.075 0.988 0.381 0.232 0.940 0.634 0.287 0.410 0.944 0.581 0.681 0.291 0.853 0.506 0.212 0.093 0.894 0.713 0.992 0.579 0.805 0.760 0.678 0.278 0.646 0.747 0.341 0.145 0.896 0.600 0.292 0.532 0.708 0.980 0.601 0.563 0.809 0.902 0.820 0.408 0.361 0.360 0.982 0.350 0.743 0.924 0.219 0.167 0.420 0.641 0.436 0.559 0.707 0.381 0.828 0.411 0.095 0.454 0.240 0.261 0.825 0.258 0.603 0.472 0.456 0.684 0.094 0.656 0.157 0.298 0.700 0.464 0.684 0.623 0.573 0.544 0.161 0.902 0.164 0.694 0.466 0.693 0.473 0.120 0.752 0.379 0.120 0.762 0.575 0.234 0.805 0.827 0.387 0.994 0.441 0.995 0.485 0.723 0.480 0.681 0.908 0.621 0.153 0.553 0.833 0.923 0.490 0.035 0.986 0.278 0.602 0.776 0.926 0.382 0.704 0.390 0.567 0.666 0.660 0.883 0.655 0.662 0.546 0.949 0.494 0.673 0.631 0.150 0.586 0.435 0.123 0.214 0.742 0.346 0.744 0.565 0.860 0.946 0.935 0.288 0.358 0.436 0.274 0.689 0.381 0.407 0.543 0.594 0.640 0.407 0.244 0.295 0.257 0.582 0.104 0.539 0.824 0.073 0.634 0.319 0.229 0.827 0.341 0.286 0.157 0.720 0.983 0.309 0.910 0.189 0.260 0.026 0.531 0.749 0.589 0.668 0.368 0.168 0.198 0.246 0.892 0.411 0.586 0.151 0.757 0.797 0.831 0.731 0.142 0.312 0.774 0.403 0.650 0.599 0.738 0.048 0.528 0.542 0.288 0.573 0.308 0.850 0.755 0.172 0.729 0.759 0.040 0.521 0.461 0.565 0.292 0.267 0.549 0.879 0.037 0.876 0.207 0.570 0.893 0.025 0.634 0.060 0.411 0.542 0.134 0.133 0.450 0.258 0.181 0.444 0.087 0.985 0.670 0.783 0.430 0.294 0.141 0.329 0.340 0.654 0.845 0.961 0.799 0.331 0.478 0.845 0.245 0.685 0.445 0.732 0.673 0.841 0.152 0.283 0.673 0.667 0.240 0.423 0.213 0.857 0.920 0.773 0.546 0.794 0.146 0.690 0.637 0.244 0.672 0.138 0.131 0.283 0.152 0.078 0.492 0.409 0.143 0.628 0.639 0.628 0.600 0.241 0.744 0.775 0.754 0.193 0.362 0.604 0.663 0.968 0.772 0.840 0.229 0.768 0.597 0.134 0.213 0.991 0.844 0.914 0.080 0.760 0.358 0.566 0.428 0.264 0.176 0.834 0.504 0.467 0.715 0.986 0.732 0.722 0.241 0.685 0.553 0.490 0.198 0.483 0.659 0.422 0.596 0.613 0.240 0.741 0.468 0.275 0.465 0.285 0.344 0.912 0.959 0.823 0.452 0.979 0.206 0.883 0.302 0.036 0.357 0.832 0.104 0.760 0.147 0.075 0.318 0.058 0.644 0.143 0.350 0.993 0.202 0.134 0.239 0.244 0.923 0.296 0.439 0.477 0.514 0.950 0.963 0.193 0.831 0.389 0.994 0.796 0.453 0.377 0.109 0.699 0.770 0.893 0.481 0.992 0.633 0.782 0.722 0.105 0.736 0.354 0.663 0.178 0.159 0.892 0.674 0.477 0.396 0.987 0.327 0.047 0.991 0.168 0.557 0.503 0.802 0.471 0.486 0.362 0.806 0.553 0.523 0.074 0.480 0.905 0.088 0.429 0.377 0.156 0.321 0.273 0.107 0.719 0.720 0.737 0.353 0.242 0.405 0.692 0.306 0.048 0.955 0.058 0.558 0.031 0.147 0.256 0.703 0.883 0.184 0.842 0.049 0.544 0.153 0.769 0.912 0.009 0.728 0.726 0.599 0.480 0.211 0.619 0.028 0.339 0.719 0.854 0.128 0.417 0.393 0.213 0.980 0.409 0.368 0.254 0.189 0.674 0.048 0.828 0.676 0.949 0.845 0.228 0.361 0.753 0.277 0.191 0.786 0.096 0.053 0.463 0.192 0.501 0.630 0.298 0.789 0.941 0.619 0.525 0.304 0.351 0.251 0.695 0.142 0.925 0.483 0.242 0.469 0.726 0.171 0.348 0.192 0.081 0.551 0.361 0.811 0.758 0.139 0.812 0.317 0.469 0.507 0.797 0.849 0.206 0.823 0.452 0.210 0.269 0.851 0.726 0.723 0.170 0.363 0.308 0.716 0.151 0.318 0.379 0.792 0.471 0.970 0.122 0.083 0.358 0.684 0.653 0.499 0.312 0.671 0.557 0.171 0.207 0.826 0.744 0.523 0.445 0.598 0.045 0.642 0.537 0.368 0.754 0.993 0.097 0.216 0.971 0.728 0.240 0.647 0.738 0.616 0.946 0.926 0.923 0.453 0.783 0.741 0.284 0.796 0.201 0.313 0.982 0.500 0.399 0.738 0.298 0.949 0.549 0.207 0.606 0.133 0.694 0.566 0.067 0.818 0.357 0.233 0.897 0.482 0.803 0.828 0.134 0.294 0.344 0.611 0.461 0.107 0.746 0.082 0.508 0.949 0.816 0.472 0.040 0.148 0.268 0.821 0.714 0.330 0.950 0.528 0.191 0.751 0.083 0.922 0.629 0.085 0.118 0.820 0.376 0.600 0.971 0.511 0.625 0.909 0.900 0.385 0.813 0.795 0.118 0.303 0.302 0.221 0.741 0.431 0.514 0.872 0.489 0.077 0.817 0.396 0.916 0.516 0.552 0.392 0.338 0.716 0.674 0.332 0.185 0.690 0.082 0.461 0.818 0.036 0.405 0.917 0.046 0.157 0.809 0.514 0.013 0.683 0.930 0.579 0.954 0.154 0.321 0.673 0.227 0.721 0.151 0.838 0.976 0.941 0.747 0.691 0.167 0.492 0.162 0.684 0.276 0.310 0.301 0.591 0.105 0.564 0.408 0.613 0.676 0.822 0.340 0.623 0.838 0.468 0.181 0.914 0.681 0.792 0.729 0.395 0.314 0.646 0.751 0.866 0.146 0.661 0.718 0.121 0.157 0.056 0.308 0.419 0.013 0.683 0.671 0.841 0.124 0.504 0.151 0.331 0.607 0.512 0.998 0.867 0.712 0.010 0.240 0.440 0.247 0.474 0.708 0.336 0.346 0.832 0.963 0.771 0.095 0.350 0.758 0.504 0.228 0.664 0.829 0.220 0.137 0.939 0.796 0.395 0.666 0.779 0.148 0.301 0.626 0.613 0.520 0.418 0.369 0.912 0.506 0.074 0.465 0.653 0.562 0.395 0.778 0.353 0.791 0.755 0.361 0.732 0.665 0.501 0.209 0.175 0.527 0.157 0.994 0.600 0.330 0.935 0.518 0.958 0.777 0.426 0.944 0.090 0.507 0.789 0.949 0.472 0.838 0.960 0.230 0.210 0.682 0.306 0.388 0.531 0.268 0.104 0.185 0.260 0.218 0.193 0.575 0.550 0.827 0.328 0.064 0.247 0.022 0.988 0.132 0.764 0.940 0.453 0.872 0.190 
ofv: 53.000000
Best time: 25.065
Total time:30.684 


Instance: ..\Instances\leeds.txt
RKO: SA | SA | SA | SA | 
Sol: 0.237 0.671 0.901 0.217 0.014 0.323 0.363 0.027 0.340 0.678 0.383 0.973 0.098 0.156 0.924 0.042 0.957 0.219 0.892 0.316 0.019 0.576 0.422 0.101 0.817 0.891 0.899 0.679 0.795 0.589 0.717 0.947 0.369 0.133 0.958 0.254 0.233 0.971 0.931 0.103 0.705 0.449 0.034 0.137 0.186 0.079 0.789 0.932 0.565 0.699 0.854 0.969 0.011 0.675 0.834 0.730 0.003 0.612 0.232 0.375 0.731 0.132 0.216 0.141 0.304 0.487 0.097 0.425 0.808 0.463 0.174 0.797 0.451 0.311 0.663 0.023 0.655 0.195 0.687 0.570 0.116 0.920 0.377 0.341 0.859 0.303 0.068 0.840 0.380 0.231 0.632 0.211 0.019 0.309 0.569 0.476 0.946 0.959 0.458 0.569 0.812 0.883 0.315 0.986 0.050 0.821 0.813 0.935 0.365 0.508 0.413 0.718 0.952 0.489 0.813 0.994 0.567 0.422 0.471 0.525 0.177 0.023 0.404 0.543 0.585 0.309 0.838 0.141 0.712 0.427 0.536 0.706 0.441 0.402 0.994 0.620 0.681 0.345 0.753 0.046 0.008 0.402 0.418 0.043 0.749 0.270 0.933 0.012 0.147 0.290 0.758 0.011 0.979 0.323 0.798 0.531 0.068 0.884 0.339 0.556 0.244 0.103 0.363 0.238 0.918 0.776 0.152 0.607 0.091 0.059 0.853 0.151 0.157 0.496 0.923 0.932 0.619 0.508 0.040 0.606 0.643 0.360 0.878 0.891 0.450 0.994 0.232 0.425 0.981 0.615 0.417 0.600 0.542 0.203 0.364 0.211 0.293 0.076 0.532 0.247 0.019 0.068 0.544 0.526 0.485 0.144 0.055 0.052 0.727 0.131 0.139 0.884 0.756 0.058 0.363 0.615 0.987 0.015 0.620 0.062 0.414 0.880 0.017 0.190 0.293 0.097 0.639 0.734 0.064 0.581 0.920 0.361 0.248 0.230 0.042 0.971 0.829 0.381 0.712 0.030 0.892 0.270 0.156 0.970 0.074 0.857 0.338 0.872 0.123 0.721 0.090 0.891 0.767 0.604 0.970 0.303 0.584 0.186 0.728 0.116 0.318 0.005 0.931 0.355 0.959 0.282 0.236 0.330 0.859 0.927 0.621 0.168 0.417 0.360 0.781 0.147 0.158 0.671 0.238 0.919 0.537 0.209 0.434 0.108 0.303 0.762 0.427 0.626 0.067 0.549 0.900 0.367 0.833 0.870 0.253 0.725 0.371 0.217 0.808 0.449 0.503 0.317 0.135 0.368 0.075 0.695 0.593 0.490 0.022 0.516 0.480 0.169 0.238 0.292 0.893 0.926 0.846 0.603 0.382 0.594 0.950 0.920 0.605 0.794 0.740 0.928 0.518 0.999 0.943 0.432 0.169 0.959 0.690 0.401 0.624 0.289 0.857 0.995 0.587 0.536 0.135 0.172 0.114 0.613 0.005 0.093 0.401 0.505 0.096 0.281 0.634 0.840 0.035 0.868 0.177 0.493 0.981 0.083 0.563 0.127 0.863 0.619 0.546 0.035 0.802 0.682 0.733 0.006 0.398 0.238 0.555 0.680 0.606 0.366 0.007 0.084 0.157 0.213 0.970 0.529 0.039 0.569 0.646 0.294 0.230 0.010 0.547 0.969 0.432 0.251 0.540 0.056 0.177 0.051 0.165 0.603 0.221 0.924 0.605 0.358 0.653 0.006 0.936 0.630 0.679 0.599 0.896 0.301 0.408 0.791 0.424 0.742 0.910 0.084 0.793 0.549 0.164 0.453 0.211 0.234 0.963 0.756 0.005 0.568 0.155 0.304 0.090 0.503 0.392 0.591 0.364 0.096 0.903 0.002 0.314 0.290 0.896 0.785 0.448 0.793 0.619 0.936 0.565 0.225 0.157 0.195 0.502 0.105 0.167 0.510 0.512 0.681 0.534 0.092 0.075 0.472 0.596 0.676 0.990 0.906 0.909 0.564 0.120 0.745 0.020 0.913 0.666 0.378 0.580 0.046 0.653 0.707 0.339 0.259 0.913 0.871 0.992 0.390 0.308 0.979 0.554 0.990 0.756 0.909 0.575 0.185 0.182 0.935 0.709 0.747 0.802 0.128 0.244 0.079 0.112 0.457 0.210 0.000 0.521 0.524 0.478 0.752 0.933 0.001 0.908 0.479 0.813 0.736 0.015 0.525 0.043 0.307 0.927 0.195 0.038 0.757 0.203 0.808 0.001 0.115 0.652 0.846 0.618 0.181 0.593 0.778 0.611 0.373 0.550 0.347 0.223 0.004 0.257 0.008 0.004 0.120 0.270 0.910 0.332 0.411 0.031 0.348 0.609 0.595 0.651 0.651 0.065 0.404 0.367 0.059 0.366 0.608 0.410 0.380 0.274 0.842 0.758 0.686 0.268 0.527 0.039 0.062 0.330 0.407 0.679 0.806 0.214 0.857 0.750 0.562 0.662 0.239 0.256 0.879 0.132 0.144 0.182 0.253 0.831 0.420 0.432 0.893 0.583 0.738 0.784 0.441 0.964 0.623 0.267 0.659 0.272 0.680 0.772 0.087 0.698 0.916 0.268 0.686 0.401 0.354 0.131 0.736 0.551 0.725 0.269 0.809 0.151 0.658 0.658 0.870 0.349 0.621 0.304 0.155 0.371 0.294 0.615 0.748 0.802 0.943 0.741 0.848 0.477 0.010 0.750 0.416 0.480 0.945 0.169 0.000 0.272 0.276 0.788 0.103 0.564 0.704 0.142 0.657 0.459 0.507 0.109 0.890 0.878 0.825 0.843 0.158 0.989 0.031 0.087 0.857 0.169 0.283 0.436 0.630 0.163 0.614 0.521 0.000 0.101 0.550 0.757 0.251 0.530 0.389 0.329 0.684 0.902 0.024 0.349 0.410 0.911 0.151 0.334 0.117 0.038 0.429 0.555 0.165 0.730 0.384 0.827 0.811 0.063 0.709 0.893 0.235 0.154 0.868 0.216 0.053 0.294 0.502 0.663 0.186 0.509 0.200 0.697 0.996 0.030 0.612 0.539 0.920 0.087 0.779 0.447 0.730 0.850 0.820 0.382 0.552 0.648 0.003 0.629 0.642 0.938 0.172 0.606 0.654 0.846 0.446 0.172 0.154 0.148 0.300 0.425 0.804 0.740 0.661 0.015 0.486 0.793 0.236 0.892 0.023 0.476 0.439 0.615 0.879 0.575 0.030 0.102 0.515 0.565 0.480 0.158 0.723 0.713 0.826 0.827 0.285 0.188 0.007 0.351 0.156 0.358 0.072 0.284 0.082 0.674 0.096 0.412 0.564 0.393 0.316 0.363 0.574 0.777 0.590 0.779 0.280 0.090 0.978 0.255 0.953 0.254 0.163 0.375 0.185 0.925 0.834 0.831 0.232 0.447 0.061 0.867 0.298 0.594 0.858 0.039 0.481 0.043 0.782 0.447 0.992 0.588 0.343 0.398 0.036 0.566 0.420 0.125 0.377 0.654 0.993 0.493 0.813 0.722 0.262 0.197 0.132 0.863 0.812 0.040 0.402 0.994 0.747 0.021 0.106 0.556 0.025 0.194 0.904 0.531 0.293 0.400 0.043 0.766 0.448 0.378 0.344 0.672 0.957 0.506 0.377 0.613 0.555 0.926 0.483 0.312 0.248 0.070 0.197 0.718 0.874 0.663 0.503 0.521 0.940 0.805 0.891 0.590 0.117 0.247 0.030 0.700 0.245 0.424 0.377 0.463 0.787 0.504 0.142 0.238 0.827 0.505 0.722 0.562 0.908 0.116 0.757 0.059 0.718 0.759 0.085 0.520 0.794 0.552 0.585 0.915 0.023 0.413 0.825 0.471 0.989 0.644 0.146 0.381 0.565 0.643 0.780 0.771 0.461 0.280 0.923 0.537 0.205 0.286 0.552 0.119 0.797 0.819 0.021 0.989 0.211 0.086 0.192 0.313 0.045 0.655 0.697 0.529 0.969 0.833 0.882 0.827 0.411 0.656 0.235 0.665 0.873 0.605 0.192 0.267 0.253 0.431 0.606 0.994 0.288 0.708 0.398 0.583 0.786 0.672 0.336 0.217 0.625 0.754 0.185 0.630 0.665 0.142 0.383 0.018 0.633 0.075 0.647 0.765 0.527 1.000 0.171 0.654 0.186 0.690 0.692 0.584 0.564 0.255 0.987 0.895 0.638 0.239 0.245 0.635 0.201 0.700 0.290 0.059 0.809 0.078 0.561 0.821 0.157 0.648 0.444 0.030 0.435 0.994 0.707 0.209 0.783 0.150 0.146 0.746 0.673 0.033 0.939 0.460 0.795 0.866 0.914 0.677 0.790 0.940 0.791 0.353 0.653 0.027 0.848 0.280 0.189 0.052 0.333 0.191 0.830 0.064 0.978 0.463 0.310 0.053 0.880 0.771 0.896 0.181 0.409 0.010 0.863 0.545 0.700 0.168 0.715 0.647 0.769 0.205 0.204 0.354 0.293 0.508 0.614 0.129 0.207 0.992 0.734 0.067 0.051 0.886 0.011 0.952 0.446 0.823 0.049 0.473 0.361 0.178 0.942 0.512 0.769 0.723 0.615 0.267 0.986 0.093 0.057 0.434 0.523 0.984 0.676 0.839 0.344 0.045 0.818 0.817 0.265 0.395 0.903 0.290 0.451 0.647 0.629 0.553 0.521 0.660 0.628 0.973 0.265 0.733 0.649 0.980 0.658 0.815 0.808 0.893 0.737 0.232 0.127 0.954 0.222 0.950 0.624 0.346 0.733 0.613 0.690 0.807 0.673 0.262 0.319 0.776 0.421 0.339 0.480 0.823 0.355 0.254 0.348 0.685 0.188 0.146 0.943 0.574 0.472 0.802 0.522 0.256 0.762 0.853 0.571 0.926 0.326 0.222 0.063 0.419 0.591 0.829 0.587 0.226 0.770 0.336 0.079 0.333 0.590 0.500 0.272 0.934 0.546 0.776 0.168 0.111 0.033 0.743 0.376 0.256 0.894 0.528 0.119 0.257 0.330 0.265 0.159 0.198 0.264 0.255 0.648 0.539 0.396 0.340 0.949 0.987 0.127 0.264 0.077 0.058 0.344 0.089 0.253 0.318 0.058 0.806 0.704 0.723 0.576 0.784 0.210 0.149 0.308 0.154 0.680 0.426 0.895 0.411 0.744 0.310 0.949 0.747 0.840 0.405 0.162 0.749 0.773 0.211 0.468 0.991 0.911 0.753 0.645 0.445 0.921 0.054 0.607 0.835 0.238 0.197 0.569 0.835 0.705 0.726 0.349 0.434 0.230 0.702 0.448 0.486 0.938 0.692 0.355 0.910 0.295 0.849 0.767 0.526 0.637 0.479 0.776 0.947 0.904 0.799 0.365 0.181 0.793 0.616 0.990 0.103 0.241 0.906 0.657 0.177 0.334 0.300 0.573 0.502 0.411 0.529 0.466 0.027 0.205 0.708 0.191 0.307 0.756 0.715 0.605 0.769 0.763 0.354 0.888 0.494 0.505 0.782 0.376 0.920 0.565 0.073 0.634 0.689 0.161 0.578 0.557 0.349 0.391 0.758 0.312 0.920 0.613 0.889 0.859 0.098 0.399 0.024 0.782 0.173 0.109 0.083 0.249 0.508 0.081 0.961 0.613 0.911 0.813 0.973 0.429 0.909 0.294 0.787 0.519 0.194 0.388 0.232 0.128 0.788 0.613 0.570 0.325 0.457 0.540 0.824 0.617 0.756 0.560 0.810 0.955 0.404 0.079 0.513 0.228 0.522 0.661 0.750 0.755 0.835 0.463 0.024 0.072 0.194 0.767 0.557 0.073 0.176 0.964 0.225 0.266 0.879 0.578 0.124 0.137 0.284 0.175 0.489 0.236 0.314 0.490 0.492 0.894 0.119 0.280 0.546 0.185 0.695 0.985 0.148 0.168 0.279 0.273 0.055 0.440 0.872 0.353 0.117 0.359 0.451 0.763 0.814 0.475 0.614 0.780 0.244 0.707 0.840 0.548 0.565 0.478 0.156 0.453 0.455 0.677 0.071 0.865 0.263 0.188 0.673 0.942 0.923 0.878 0.150 0.283 0.958 0.933 0.877 0.446 0.201 0.177 0.860 0.215 0.704 0.986 0.729 0.358 0.202 0.020 0.295 0.661 0.116 0.376 0.156 0.785 0.887 0.507 0.372 0.480 0.800 0.380 0.466 0.465 0.717 0.864 0.736 0.539 0.927 0.541 0.974 0.403 0.193 0.689 0.343 0.302 0.693 0.373 0.665 0.146 0.895 0.548 0.902 0.898 0.139 0.250 0.557 0.378 0.710 0.487 0.246 0.554 0.803 0.587 0.938 0.023 0.929 0.126 0.978 0.943 0.207 0.337 0.267 0.447 0.329 0.763 0.386 0.677 0.058 0.560 0.223 0.431 0.797 0.150 0.332 0.034 0.989 0.030 0.728 0.982 0.891 0.442 0.094 0.038 0.442 0.773 0.064 0.065 0.076 0.477 0.296 0.843 0.932 0.041 0.084 0.701 0.218 0.567 0.466 0.950 0.437 0.078 0.555 0.648 0.689 0.920 0.265 0.325 0.627 0.597 0.513 0.572 0.080 0.878 0.183 0.164 0.664 0.632 0.723 0.603 0.653 0.601 0.820 0.738 0.246 0.251 0.709 0.696 0.611 0.930 0.844 0.599 0.084 0.085 0.391 0.544 0.334 0.233 0.318 0.390 0.731 0.349 0.319 0.720 0.015 0.735 0.384 0.648 0.846 0.649 0.812 0.282 0.357 0.298 0.219 0.456 0.204 0.746 0.319 0.209 0.773 0.146 0.463 0.400 0.489 0.902 0.431 0.061 0.956 0.639 0.955 0.549 0.343 0.599 0.849 0.149 0.425 0.114 0.751 0.275 0.059 0.823 0.888 0.005 0.503 0.713 0.468 0.794 0.278 0.458 0.506 0.743 0.738 0.251 0.891 0.400 0.721 0.790 0.199 0.646 0.878 0.053 0.484 0.505 0.330 0.378 0.164 0.607 0.128 0.813 0.092 0.881 0.996 0.594 0.391 0.303 0.220 0.432 0.916 0.860 0.725 0.044 0.364 0.833 0.376 0.157 0.642 0.647 0.743 0.476 0.401 0.623 0.280 0.904 0.094 0.022 0.125 0.316 0.147 0.522 0.270 0.875 0.328 0.021 0.140 0.141 0.860 0.485 0.669 0.183 0.787 0.694 0.927 0.939 0.130 0.973 0.183 0.753 0.617 
ofv: 53.000000
Best time: 26.969
Total time:30.663 


Instance: ..\Instances\leeds.txt
RKO: PSO | PSO | PSO | PSO | 
Sol: 0.830 0.870 0.002 0.554 0.331 0.716 0.384 0.275 0.089 0.825 0.529 0.383 0.898 0.028 0.517 0.540 0.656 0.492 0.037 0.620 0.015 0.298 0.456 0.166 0.963 0.017 0.992 0.362 0.175 0.645 0.877 0.815 0.764 0.916 0.469 0.499 0.046 0.414 0.404 0.170 0.692 0.456 0.822 0.320 0.525 0.493 0.147 0.254 0.362 0.336 0.620 0.927 0.296 0.821 0.610 0.132 0.243 0.557 0.319 0.288 0.665 0.378 0.870 0.606 0.467 0.265 0.539 0.008 0.746 0.458 0.798 0.420 0.152 0.353 0.910 0.351 0.686 0.793 0.688 0.898 0.967 0.051 0.454 0.500 0.332 0.647 0.322 0.112 0.049 0.520 0.805 0.190 0.012 0.290 0.999 0.591 0.771 0.969 0.447 0.233 0.528 0.265 0.848 0.034 0.796 0.883 0.465 0.003 0.695 0.107 0.826 0.407 0.697 0.931 0.477 0.923 0.883 0.503 0.744 0.114 0.899 0.400 0.531 0.990 0.412 0.044 0.907 0.787 0.595 0.248 0.876 0.588 0.757 0.208 0.612 0.046 0.536 0.568 0.492 0.461 0.872 0.078 0.317 0.437 0.051 0.625 0.230 0.213 0.447 0.445 0.297 0.648 0.909 0.042 0.092 0.612 0.847 0.925 0.778 0.626 0.007 0.155 0.614 0.772 0.380 0.570 0.646 0.955 0.793 0.053 0.205 0.176 0.396 0.706 0.168 0.990 0.250 0.338 0.052 0.357 0.515 0.479 0.555 0.390 0.982 0.987 0.980 0.049 0.811 0.797 0.197 0.314 0.378 0.556 0.617 0.199 0.445 0.074 0.744 0.582 0.183 0.465 0.009 0.185 0.169 0.577 0.926 0.396 0.105 0.332 0.627 0.344 0.570 0.634 0.339 0.614 0.121 0.221 0.665 0.392 0.209 0.290 0.127 0.910 0.128 0.057 0.767 0.262 0.222 0.955 0.136 0.735 0.313 0.871 0.372 0.947 0.099 0.952 0.938 0.194 0.601 0.263 0.098 0.242 0.696 0.743 0.205 0.778 0.638 0.770 0.687 0.972 0.189 0.794 0.644 0.366 0.491 0.132 0.998 0.830 0.925 0.039 0.881 0.042 0.405 0.177 0.540 0.768 0.855 0.314 0.979 0.883 0.823 0.583 0.259 0.500 0.318 0.241 0.095 0.797 0.613 0.319 0.241 0.440 0.657 0.876 0.053 0.962 0.811 0.821 0.504 0.433 0.469 0.811 0.288 0.484 0.170 0.684 0.712 0.312 0.993 0.237 0.659 0.999 0.186 0.391 0.880 0.404 0.462 0.302 0.865 0.010 0.696 0.531 0.485 0.395 0.518 0.189 0.489 0.503 0.792 0.956 0.512 0.912 0.951 0.936 0.042 0.884 0.540 0.097 0.393 0.131 0.210 0.195 0.761 0.372 0.433 0.732 0.424 0.442 0.398 0.909 0.865 0.583 0.288 0.102 0.676 0.292 0.029 0.383 0.184 0.408 0.284 0.215 0.832 0.220 0.976 0.132 0.111 0.021 0.627 0.238 0.890 0.588 0.093 0.361 0.811 0.093 0.412 0.256 0.251 0.256 0.932 0.274 0.552 0.260 0.198 0.384 0.564 0.495 0.051 0.790 0.400 0.355 0.301 0.461 0.578 0.035 0.938 0.831 0.687 0.064 0.595 0.305 0.355 0.224 0.951 0.640 0.454 0.327 0.404 0.996 0.813 0.290 0.979 0.418 0.101 0.446 0.001 0.278 0.405 0.801 0.145 0.787 0.078 0.969 0.078 0.658 0.764 0.761 0.912 0.815 0.318 0.903 0.843 0.207 0.883 0.384 0.002 0.456 0.085 0.101 0.958 0.005 0.099 0.531 0.203 0.693 0.491 0.228 0.770 0.252 0.612 0.592 0.679 0.750 0.543 0.705 0.449 0.224 0.955 0.233 0.379 0.573 0.183 0.872 0.263 0.821 0.727 0.559 0.150 0.653 0.941 0.884 0.108 0.776 0.305 0.524 0.122 0.795 0.202 0.713 0.442 0.851 0.708 0.632 0.041 0.064 0.747 0.394 0.744 0.895 0.615 0.088 0.095 0.259 0.193 0.279 0.710 0.086 0.402 0.738 0.499 0.608 0.984 0.470 0.801 0.459 0.854 0.773 0.715 0.332 0.859 0.512 0.308 0.559 0.436 0.063 0.321 0.914 0.347 0.847 0.173 0.293 0.539 0.031 0.849 0.917 0.274 0.355 0.120 0.917 0.209 0.432 0.910 0.909 0.865 0.062 0.984 0.420 0.040 0.621 0.142 0.052 0.007 0.510 0.008 0.837 0.108 0.409 0.463 0.431 0.612 0.567 0.786 0.079 0.960 0.450 0.334 0.724 0.916 0.359 0.841 0.555 0.690 0.255 0.008 0.411 0.370 0.878 0.313 0.126 0.560 0.830 0.740 0.322 0.745 0.009 0.781 0.342 0.000 0.687 0.306 0.823 0.438 0.018 0.754 0.273 0.693 0.594 0.726 0.653 0.529 0.392 0.476 0.997 0.048 0.622 0.059 0.295 0.107 0.718 0.112 0.890 0.142 0.242 0.912 0.501 0.092 0.231 0.206 0.637 0.109 0.378 0.639 0.176 0.697 0.841 0.702 0.318 0.095 0.371 0.446 0.926 0.487 0.708 0.575 0.331 0.655 0.615 0.892 0.331 0.593 0.174 0.075 0.508 0.045 0.587 0.116 0.073 0.942 0.348 0.056 0.201 0.042 0.450 0.973 0.592 0.822 0.770 0.666 0.420 0.662 0.942 0.214 0.716 0.692 0.655 0.049 0.975 0.222 0.713 0.041 0.140 0.423 0.728 0.077 0.027 0.521 0.086 0.331 0.598 0.571 0.772 0.714 0.907 0.682 0.026 0.789 0.918 0.466 0.022 0.248 0.375 0.236 0.554 0.277 0.103 0.969 0.119 0.001 0.345 0.099 0.586 0.607 0.016 0.811 0.365 0.655 0.194 0.766 0.183 0.075 0.141 0.241 0.895 0.914 0.827 0.089 0.108 0.375 0.009 0.766 0.095 0.649 0.006 0.477 0.396 0.705 0.292 0.275 0.077 0.925 0.362 0.228 0.762 0.815 0.458 0.243 0.660 0.532 0.527 0.180 0.000 0.514 0.855 0.781 0.108 0.487 0.068 0.019 0.007 0.791 0.203 0.739 0.597 0.612 0.099 0.384 0.006 0.238 0.378 0.930 0.795 0.897 0.097 0.461 0.117 0.883 0.049 0.303 0.746 0.996 0.429 0.579 0.544 0.485 0.109 0.986 0.326 0.931 0.811 0.046 0.729 0.629 0.073 0.849 0.624 0.199 0.219 0.885 0.602 0.435 0.169 0.463 0.951 0.643 0.326 0.109 0.127 0.966 0.417 0.370 0.006 0.497 0.671 0.515 0.980 0.659 0.565 0.978 0.297 0.684 0.122 0.122 0.558 0.576 0.140 0.192 0.373 0.403 0.396 0.792 0.954 0.986 0.366 0.970 0.800 0.766 0.376 0.272 0.462 0.371 0.570 0.146 0.740 0.004 0.072 0.855 0.047 0.578 0.395 0.986 0.508 0.803 0.370 0.188 0.501 0.689 0.397 0.251 0.201 0.432 0.578 0.987 0.177 0.538 0.628 0.847 0.460 0.137 0.523 0.926 0.727 0.284 0.713 0.704 0.413 0.551 0.455 0.743 0.171 0.194 0.948 0.097 0.732 0.209 0.224 0.670 0.231 0.690 0.105 0.088 0.620 0.981 0.554 0.097 0.807 0.477 0.754 0.135 0.665 0.614 0.043 0.007 0.761 0.139 0.368 0.437 0.140 0.208 0.573 0.299 0.954 0.802 0.757 0.748 0.142 0.845 0.352 0.184 0.794 0.143 0.070 0.109 0.082 0.144 0.764 0.662 0.556 0.419 0.610 0.271 0.358 0.694 0.974 0.478 0.674 0.961 0.046 0.457 0.277 0.219 0.882 0.905 0.092 0.352 0.403 0.026 0.558 0.843 0.125 0.700 0.822 0.737 0.673 0.854 0.289 0.078 0.186 0.028 0.723 0.399 0.301 0.934 0.725 0.443 0.838 0.625 0.126 0.285 0.621 0.124 0.954 0.628 0.128 0.967 0.109 0.083 0.131 0.265 0.739 0.633 0.989 0.292 0.904 0.258 0.770 0.747 0.993 0.225 0.912 0.802 0.581 0.123 0.512 0.493 0.573 0.813 0.217 0.505 0.942 0.999 0.234 0.330 0.654 0.888 0.057 0.232 0.377 0.237 0.791 0.640 0.292 0.885 0.868 0.490 0.276 0.323 0.356 0.482 0.311 0.747 0.407 0.276 0.482 0.518 0.568 0.658 0.627 0.245 0.635 0.342 0.145 0.202 0.839 0.827 0.603 0.649 0.431 0.457 0.367 0.414 0.122 0.918 0.877 0.937 0.020 0.180 0.346 0.501 0.158 0.832 0.231 0.902 0.907 0.851 0.834 0.383 0.467 0.887 0.589 0.786 0.234 0.332 0.664 0.401 0.177 0.452 0.082 0.524 0.274 0.118 0.568 0.230 0.271 0.951 0.517 0.054 0.637 0.319 0.087 0.570 0.313 0.671 0.026 0.359 0.406 0.190 0.343 0.256 0.712 0.176 0.281 0.593 0.508 0.358 0.595 0.185 0.526 0.173 0.383 0.697 0.095 0.874 0.682 0.774 0.568 0.926 0.665 0.156 0.812 0.108 0.242 0.120 0.525 0.783 0.384 0.655 0.497 0.297 0.638 0.913 0.067 0.876 0.556 0.776 0.064 0.435 0.175 0.514 0.416 0.201 0.972 0.420 0.056 0.782 0.299 0.876 0.541 0.732 0.596 0.502 0.830 0.207 0.253 0.404 0.382 0.162 0.885 0.051 0.130 0.212 0.607 0.748 0.605 0.980 0.796 0.276 0.086 0.058 0.390 0.514 0.554 0.710 0.293 0.847 0.599 0.884 0.757 0.347 0.769 0.716 0.805 0.931 0.511 0.565 0.725 0.111 0.167 0.172 0.633 0.316 0.879 0.722 0.192 0.343 0.645 0.160 0.458 0.297 0.307 0.078 0.796 0.199 0.764 0.894 0.885 0.955 0.763 0.805 0.503 0.908 0.876 0.928 0.160 0.401 0.247 0.562 0.433 0.179 0.361 0.054 0.205 0.507 0.722 0.052 0.223 0.693 0.271 0.793 0.033 0.345 0.233 0.457 0.606 0.567 0.963 0.078 0.874 0.475 0.341 0.121 0.065 0.069 0.460 0.460 0.460 0.196 0.969 0.155 0.378 0.430 0.085 0.573 0.403 0.314 0.647 0.300 0.686 0.238 0.070 0.185 0.919 0.320 0.531 0.048 0.505 0.677 0.149 0.489 0.225 0.365 0.059 0.421 0.180 0.379 0.242 0.840 0.549 0.240 0.059 0.135 0.844 0.188 0.539 0.608 0.855 0.546 0.630 0.234 0.937 0.649 0.729 0.845 0.277 0.699 0.062 0.270 0.061 0.522 0.425 0.806 0.908 0.192 0.595 0.367 0.784 0.082 0.337 0.274 0.240 0.304 0.312 0.218 0.668 0.327 0.032 0.060 1.000 0.793 0.783 0.934 0.486 0.436 0.081 0.073 0.323 0.044 0.429 0.036 0.850 0.260 0.410 0.835 0.098 0.485 0.615 0.790 0.746 0.714 0.551 0.302 0.831 0.154 0.999 0.156 0.179 0.260 0.032 0.155 0.220 0.598 0.061 0.837 0.580 0.751 0.049 0.486 0.948 0.281 0.155 0.364 0.223 0.221 0.139 0.589 0.433 0.531 0.349 0.602 0.500 0.154 0.569 0.337 0.581 0.364 0.167 0.748 0.245 0.205 0.219 0.224 0.554 0.787 0.645 0.688 0.227 0.915 0.555 0.365 0.258 0.691 0.382 0.250 0.052 0.275 0.475 0.588 0.286 0.558 0.083 0.895 0.383 0.349 0.533 0.374 0.391 0.198 0.483 0.822 0.695 0.204 0.502 0.969 0.056 0.193 0.369 0.267 0.393 0.733 0.508 0.993 0.300 0.795 0.125 0.194 0.925 0.707 0.677 0.864 0.542 0.079 0.298 0.080 0.531 0.870 0.942 0.765 0.694 0.356 0.752 0.358 0.636 0.511 0.202 0.210 0.874 0.611 0.692 0.370 0.334 0.718 0.886 0.919 0.169 0.634 0.587 0.055 0.077 0.956 0.440 0.150 0.563 0.346 0.217 0.745 0.042 0.094 0.706 0.336 0.081 0.676 0.874 0.649 0.432 0.193 0.207 0.473 0.727 0.539 0.708 0.271 0.646 0.841 0.020 0.836 0.479 0.308 0.411 0.085 0.690 0.130 0.853 0.841 0.871 0.997 0.247 0.390 0.181 0.400 0.667 0.065 0.075 0.151 0.787 0.850 0.901 0.412 0.484 0.848 0.267 0.114 0.462 0.788 0.712 0.768 0.901 0.613 0.507 0.063 0.523 0.045 0.844 0.225 0.539 0.752 0.474 0.411 0.526 0.854 0.461 0.323 0.400 0.743 0.667 0.497 0.954 0.392 0.090 0.816 0.750 0.795 0.691 0.647 0.817 0.531 0.431 0.756 0.872 0.201 0.864 0.219 0.384 0.409 0.480 0.587 0.065 0.570 0.797 0.250 0.138 0.681 0.768 0.651 0.270 0.485 0.891 0.838 0.516 0.804 0.235 0.709 0.689 0.755 0.156 0.936 0.961 0.758 0.190 0.229 0.288 0.531 0.989 0.019 0.121 0.551 0.811 0.265 0.597 0.887 0.251 0.579 0.758 0.352 0.688 0.865 0.898 0.629 0.378 0.008 0.958 0.920 0.436 0.928 0.676 0.206 0.496 0.758 0.206 0.826 0.594 0.781 0.055 0.337 0.445 0.704 0.927 0.832 0.191 0.408 0.597 0.122 0.429 0.616 0.638 0.402 0.382 0.725 0.725 0.601 0.806 0.802 0.180 0.925 0.846 0.407 0.371 0.583 0.107 0.341 0.235 0.609 0.601 0.294 0.676 0.943 0.545 0.373 0.460 0.691 0.237 0.298 0.301 0.822 0.379 0.914 0.578 0.535 0.368 0.144 0.972 0.154 0.410 0.720 0.679 0.556 0.461 0.507 0.510 0.837 0.710 0.680 0.265 0.240 0.933 0.525 0.861 0.441 0.924 0.180 0.022 0.659 0.860 0.493 0.890 0.883 
ofv: 54.000000
Best time: 24.379
Total time:30.537 


Instance: ..\Instances\plymouth.txt
RKO: GA | GA | GA | GA | 
Sol: 0.373 0.646 0.214 0.629 0.067 0.883 0.268 0.624 0.202 0.501 0.575 0.575 0.743 0.889 0.463 0.351 0.419 0.857 0.834 0.657 0.475 0.787 0.878 0.860 0.025 0.131 0.196 0.156 0.961 0.766 0.786 0.653 0.151 0.906 0.886 0.412 0.948 0.090 0.255 0.996 0.971 0.247 0.054 0.673 0.168 0.176 0.381 0.342 0.680 0.665 0.505 0.907 0.867 0.804 0.734 0.828 0.755 0.444 0.881 0.412 0.685 0.026 0.727 0.867 0.660 0.240 0.950 0.348 0.292 0.240 0.738 0.375 0.994 0.342 0.018 0.049 0.144 0.435 0.216 0.103 0.599 0.026 0.775 0.375 0.753 0.214 0.641 0.364 0.020 0.333 0.137 0.887 0.898 0.874 0.722 0.476 0.382 0.606 0.232 0.028 0.691 0.963 0.978 0.894 0.352 0.671 0.413 0.635 0.122 0.169 0.520 0.790 0.752 0.147 0.641 0.807 0.379 0.034 0.724 0.509 0.059 0.535 0.788 0.339 0.552 0.076 0.869 0.708 0.002 0.485 0.781 0.808 0.692 0.309 0.403 0.498 0.273 0.739 0.549 0.472 0.632 0.188 0.332 0.814 0.029 0.131 0.014 0.021 0.690 0.967 0.674 0.942 0.346 0.960 0.525 0.720 0.754 0.281 0.120 0.924 0.402 0.057 0.037 0.529 0.505 0.359 0.208 0.581 0.528 0.026 0.945 0.559 0.495 0.596 0.433 0.658 0.603 0.281 0.007 0.911 0.130 0.320 0.521 0.715 0.400 0.636 0.206 0.434 0.383 0.742 0.429 0.118 0.135 0.260 0.170 0.835 0.697 0.583 0.649 0.173 0.985 0.728 0.402 0.442 0.128 0.974 0.291 0.529 0.845 0.478 0.677 0.494 0.565 0.258 0.968 0.947 0.273 0.680 0.902 0.685 0.045 0.954 0.814 0.037 0.173 0.172 0.296 0.015 0.972 0.065 0.393 0.661 0.047 0.225 0.270 0.511 0.726 0.498 0.023 0.074 0.238 0.526 0.452 0.079 0.212 0.941 0.250 0.907 0.120 0.413 0.610 0.280 0.110 0.123 0.138 0.111 0.498 0.019 0.556 0.476 0.170 0.112 0.086 0.659 0.960 0.263 0.583 0.821 0.940 0.687 0.169 0.671 0.692 0.222 0.439 0.230 0.274 0.363 0.793 0.508 0.468 0.002 0.833 0.318 0.585 0.971 0.519 0.908 0.497 0.707 0.538 0.260 0.198 0.095 0.745 0.624 0.480 0.516 0.874 0.288 0.192 0.001 0.583 0.703 0.153 0.961 0.403 0.081 0.654 0.981 0.773 0.183 0.313 0.704 0.846 0.712 0.490 0.735 0.508 0.813 0.732 0.455 0.574 0.834 0.549 0.377 0.549 0.910 0.542 0.042 0.957 0.455 0.112 0.786 0.567 0.725 0.899 0.209 0.663 0.008 0.088 0.948 0.152 0.450 0.065 0.739 0.446 0.658 0.947 0.070 0.095 0.397 0.909 0.161 0.273 0.720 0.093 0.520 0.584 0.857 0.774 0.009 0.347 0.457 0.887 0.845 0.017 0.558 0.335 0.644 0.690 0.959 0.420 0.273 0.209 0.721 0.337 0.932 0.523 0.884 0.638 0.214 0.541 0.318 0.794 0.678 0.591 0.964 0.386 0.601 0.329 0.132 0.959 0.187 0.084 0.396 0.458 0.034 0.280 0.158 0.407 0.117 0.764 0.402 0.682 0.428 0.911 0.042 0.745 0.362 0.102 0.336 0.078 0.512 0.661 0.248 0.977 0.737 0.034 0.792 0.245 0.604 0.570 0.678 0.837 0.914 0.077 0.355 0.114 0.605 0.015 0.151 0.741 0.234 0.645 0.446 0.644 0.588 0.714 0.564 0.457 0.777 0.406 0.408 0.863 0.143 0.402 0.827 0.507 0.202 0.609 0.841 0.616 0.911 0.851 0.914 0.737 0.866 0.903 0.223 0.016 0.271 0.660 0.728 0.315 0.260 0.700 0.395 0.458 0.353 0.728 0.520 0.857 0.689 0.206 0.184 0.892 0.234 0.517 0.155 0.251 0.341 0.628 0.259 0.262 0.306 0.508 0.216 0.522 0.079 0.508 0.389 0.118 0.554 0.083 0.001 0.118 0.936 0.819 0.789 0.653 0.583 0.912 0.947 0.259 0.067 0.251 0.955 0.449 0.024 0.813 0.822 0.136 0.802 0.976 0.574 0.878 0.138 0.694 0.257 0.220 0.848 0.192 0.693 0.174 0.571 0.045 0.584 0.759 0.753 0.992 0.427 0.205 0.773 0.942 0.240 0.843 0.454 0.235 0.844 0.548 0.001 0.532 0.279 0.074 0.412 0.240 0.876 0.003 0.968 0.062 0.707 0.340 0.727 0.909 0.243 0.660 0.568 0.855 0.058 0.980 0.569 0.517 0.986 0.719 0.854 0.119 0.899 0.405 0.901 0.958 0.312 0.109 0.215 0.477 0.801 0.603 0.897 0.155 0.359 0.448 0.370 0.535 0.296 0.231 0.746 0.881 0.937 0.481 0.346 0.605 0.209 0.761 0.503 0.105 0.157 0.738 0.367 0.833 0.045 0.677 0.670 0.848 0.394 0.301 0.317 0.058 0.828 0.936 0.751 0.677 0.797 0.709 0.908 0.775 0.714 0.288 0.420 0.117 0.170 0.603 0.689 0.049 0.154 0.425 0.381 0.116 0.317 0.204 0.334 0.827 0.245 0.194 0.995 0.290 0.955 0.146 0.948 0.235 0.868 0.285 0.644 0.976 0.669 0.399 0.380 0.160 0.470 0.324 0.945 0.516 0.165 0.246 0.811 0.128 0.430 0.731 0.016 0.705 0.454 0.111 0.297 0.184 0.885 0.245 0.808 0.268 0.220 0.908 0.534 0.245 0.414 0.960 0.636 0.480 0.658 0.880 0.407 0.211 0.423 0.970 0.645 0.273 0.589 0.474 0.420 0.446 0.335 0.229 0.901 0.646 0.172 0.376 0.535 0.253 0.341 0.657 0.551 0.349 0.502 0.646 0.574 0.351 0.547 0.873 0.299 0.636 0.136 0.273 0.419 0.576 0.395 0.330 0.349 0.294 0.676 0.064 0.192 0.156 0.886 0.047 0.213 0.275 0.765 0.764 0.543 0.835 0.171 0.792 0.927 0.980 0.495 0.744 0.075 0.711 0.223 0.833 0.517 0.968 0.256 0.505 0.479 0.991 0.879 0.456 0.009 0.080 0.430 0.397 0.605 0.339 0.613 0.536 0.750 0.872 0.374 0.661 0.402 0.205 0.951 0.462 0.945 0.970 0.864 0.690 0.450 0.344 0.011 0.591 0.385 0.886 0.220 0.887 0.797 0.879 0.837 0.622 0.717 0.114 0.624 0.138 0.993 0.822 0.246 0.543 0.122 0.599 0.095 0.372 0.809 0.698 0.689 0.782 0.864 0.406 0.120 0.819 0.535 0.510 0.272 0.195 0.448 0.471 0.130 0.184 0.924 0.441 0.461 0.164 0.586 0.568 0.739 0.616 0.842 0.654 0.510 0.818 0.791 0.379 0.971 0.683 0.020 0.986 0.154 0.267 0.896 0.488 0.822 0.248 0.843 0.820 0.140 0.517 0.959 0.162 0.868 0.112 0.408 0.039 0.642 0.661 0.801 0.434 0.125 0.156 0.406 0.273 0.861 0.959 0.263 0.401 0.475 0.277 0.211 0.194 0.775 0.432 0.821 0.538 0.627 0.347 0.633 0.031 0.140 0.370 0.364 0.433 0.117 0.731 0.755 0.842 0.649 0.873 0.132 0.978 0.484 0.701 0.502 0.565 0.616 0.298 0.085 0.604 0.343 0.990 0.178 0.417 0.746 0.671 0.439 0.949 0.478 0.633 0.675 0.506 0.636 0.532 0.449 0.515 0.011 0.512 0.417 0.164 0.161 0.232 0.668 0.176 0.619 0.107 0.220 0.494 0.230 0.998 0.191 0.688 0.560 0.100 0.646 0.528 0.846 0.939 0.310 0.450 0.885 0.700 0.619 0.403 0.671 0.902 0.397 0.108 0.350 0.777 0.067 0.346 0.109 0.627 0.418 0.999 0.212 0.961 0.403 0.676 0.958 0.788 0.914 0.712 0.358 0.844 0.683 0.260 0.102 0.846 0.272 0.524 0.929 0.993 0.844 0.719 0.944 0.129 0.346 0.359 0.605 0.031 0.259 0.843 0.142 0.398 0.504 0.075 0.719 0.102 0.060 0.546 0.238 0.230 0.778 0.853 0.201 0.956 0.362 0.508 0.660 0.880 0.708 0.970 0.596 0.358 0.912 0.702 0.236 0.455 0.601 0.377 0.637 0.920 0.518 0.664 0.507 0.047 0.509 0.913 0.309 0.273 0.492 0.625 0.431 0.849 0.674 0.064 0.437 0.505 0.857 0.242 0.154 0.511 0.294 0.704 0.748 0.133 0.447 0.224 0.285 0.358 0.859 0.327 0.648 0.591 0.572 0.151 0.908 0.960 0.149 0.705 0.481 0.154 0.844 0.137 0.784 0.763 0.865 0.063 0.755 0.455 0.634 0.806 0.860 0.862 0.868 0.877 0.269 0.266 0.546 0.190 0.856 0.822 0.858 0.736 0.897 0.090 0.351 0.571 0.254 0.351 0.784 0.507 0.197 0.266 0.617 0.271 0.785 0.679 0.124 0.792 0.380 0.383 0.808 0.536 0.783 0.907 0.856 0.444 0.676 0.948 0.525 0.454 0.115 0.130 0.702 0.308 0.233 0.954 0.887 0.767 0.955 0.541 0.719 0.104 0.571 0.973 0.314 0.385 0.934 0.650 0.598 0.816 0.977 0.732 0.781 0.122 0.639 0.703 0.462 0.182 0.099 0.919 0.637 0.601 0.706 0.345 0.710 
ofv: 36.000000
Best time: 23.835
Total time:30.198 


Instance: ..\Instances\plymouth.txt
RKO: SA | SA | SA | SA | 
Sol: 0.805 0.618 0.497 0.177 0.900 0.955 0.487 0.034 0.535 0.738 0.891 0.023 0.665 0.714 0.292 0.480 0.477 0.106 0.997 0.491 0.764 0.109 0.028 0.822 0.747 0.359 0.010 0.536 0.916 0.259 0.188 0.065 0.921 0.139 0.168 0.706 0.437 0.511 0.614 0.610 0.044 0.483 0.019 0.014 0.104 0.853 0.397 0.296 0.230 0.021 0.909 0.566 0.465 0.262 0.460 0.388 0.324 0.431 0.907 0.230 0.106 0.815 0.444 0.297 0.088 0.001 0.559 0.123 0.185 0.228 0.073 0.662 0.708 0.729 0.766 0.910 0.273 0.902 0.754 0.322 0.177 0.327 0.734 0.663 0.345 0.204 0.594 0.406 0.007 0.278 0.727 0.242 0.122 0.410 0.868 0.422 0.610 0.614 0.533 0.668 0.538 0.036 0.172 0.878 0.428 0.766 0.530 0.897 0.115 0.187 0.679 0.295 0.578 0.548 0.561 0.670 0.431 0.780 0.335 0.507 0.445 0.018 0.347 0.281 0.642 0.402 0.324 0.851 0.564 0.285 0.263 0.867 0.024 0.009 0.987 0.576 0.206 0.727 0.079 0.921 0.133 0.413 0.183 0.095 0.009 0.001 0.600 0.152 0.495 0.507 0.863 0.442 0.335 0.954 0.299 0.562 0.900 0.767 0.094 0.042 0.275 0.058 0.686 0.016 0.723 0.784 0.503 0.365 0.899 0.794 0.317 0.793 0.103 0.629 0.072 0.244 0.654 0.701 0.020 0.175 0.329 0.640 0.000 0.468 0.395 0.622 0.351 0.150 0.236 0.140 0.825 0.312 0.043 0.108 0.266 0.851 0.510 0.479 0.067 0.720 0.178 0.923 0.931 0.682 0.182 0.135 0.922 0.519 0.769 0.331 0.390 0.920 0.585 0.854 0.987 0.214 0.270 0.584 0.466 0.883 0.269 0.321 0.130 0.678 0.704 0.251 0.914 0.025 0.662 0.611 0.176 0.530 0.415 0.509 0.029 0.304 0.829 0.093 0.216 0.912 0.572 0.194 0.276 0.002 0.916 0.039 0.808 0.687 0.309 0.463 0.804 0.655 0.004 0.279 0.139 0.345 0.336 0.004 0.985 0.994 0.246 0.132 0.437 0.003 0.625 0.743 0.384 0.551 0.772 0.040 0.569 0.152 0.610 0.021 0.493 0.830 0.355 0.466 0.890 0.620 0.892 0.880 0.758 0.940 0.152 0.887 0.026 0.581 0.195 0.448 0.568 0.321 0.956 0.154 0.312 0.828 0.387 0.640 0.432 0.923 0.370 0.042 0.262 0.083 0.290 0.911 0.009 0.766 0.067 0.382 0.544 0.996 0.029 0.373 0.507 0.512 0.649 0.941 0.645 0.898 0.967 0.604 0.922 0.403 0.187 0.825 0.127 0.339 0.470 0.008 0.505 0.892 0.061 0.228 0.772 0.394 0.700 0.138 0.939 0.768 0.450 0.647 0.906 0.528 0.799 0.450 0.798 0.794 0.532 0.991 0.599 0.113 0.361 0.317 0.257 0.829 0.353 0.448 0.901 0.013 0.556 0.706 0.115 0.678 0.258 0.080 0.577 0.544 0.212 0.407 0.876 0.419 0.639 0.845 0.202 0.068 0.197 0.854 0.766 0.288 0.185 0.359 0.990 0.510 0.389 0.494 0.401 0.060 0.423 0.697 0.925 0.056 0.039 0.322 0.566 0.692 0.300 0.196 0.158 0.644 0.797 0.636 0.313 0.825 0.599 0.122 0.653 0.348 0.615 0.602 0.848 0.989 0.278 0.707 0.554 0.176 0.455 0.609 0.928 0.828 0.062 0.083 0.441 0.047 0.556 0.009 0.020 0.619 0.336 0.550 0.651 0.795 0.536 0.435 0.809 0.237 0.575 0.435 0.319 0.138 0.890 0.551 0.527 0.508 0.893 0.663 0.490 0.252 0.169 0.561 0.540 0.684 0.291 0.056 0.217 0.302 0.243 0.673 0.764 0.986 0.052 0.420 0.143 0.627 0.818 0.305 0.493 0.740 0.013 0.685 0.422 0.036 0.987 0.077 0.009 0.214 0.079 0.914 0.489 0.013 0.298 0.843 0.852 0.603 0.220 0.790 0.767 0.303 0.853 0.420 0.553 0.307 0.326 0.996 0.688 0.626 0.544 0.628 0.509 0.892 0.550 0.657 0.966 0.802 0.258 0.067 0.945 0.908 0.802 0.409 0.055 0.460 0.006 0.196 0.129 0.912 0.106 0.327 0.433 0.609 0.572 0.449 0.068 0.363 0.232 0.231 0.196 0.883 0.492 0.047 0.467 0.171 0.884 0.882 0.851 0.648 0.062 0.506 0.207 0.038 0.196 0.265 0.395 0.997 0.439 0.736 0.723 0.022 0.046 0.884 0.177 0.267 0.366 0.191 0.831 0.401 0.824 0.947 0.729 0.559 0.967 0.789 0.581 0.047 0.943 0.332 0.909 0.280 0.676 0.533 0.150 0.632 0.009 0.421 0.425 0.139 0.992 0.270 0.065 0.882 0.956 0.574 0.619 0.673 0.892 0.774 0.240 0.709 0.153 0.822 0.996 0.081 0.545 0.009 0.489 0.540 0.783 0.488 0.591 0.488 0.922 0.798 0.677 0.634 0.717 0.436 0.793 0.121 0.339 0.454 0.175 0.474 0.462 0.656 0.332 0.292 0.483 0.573 0.532 0.843 0.606 0.979 0.432 0.820 0.747 0.622 0.508 0.069 0.533 0.930 0.169 0.297 0.087 0.555 0.400 0.080 0.838 0.923 0.249 0.760 0.498 0.208 0.393 0.397 0.506 0.793 0.507 0.156 0.508 0.815 0.808 0.110 0.612 0.233 0.529 0.972 0.200 0.181 0.146 0.723 0.523 0.192 0.474 0.647 0.395 0.585 0.091 0.095 0.519 0.455 0.497 0.077 0.917 0.971 0.290 0.131 0.639 0.588 0.368 0.301 0.063 0.104 0.382 0.295 0.059 0.949 0.883 0.847 0.673 0.078 0.082 0.219 0.571 0.654 0.702 0.832 0.435 0.331 0.031 0.668 0.341 0.790 0.484 0.646 0.651 0.344 0.750 0.220 0.477 0.586 0.739 0.223 0.131 0.355 0.667 0.887 0.866 0.912 0.213 0.403 0.231 0.612 0.990 0.553 0.424 0.794 0.386 0.199 0.540 0.180 0.867 0.315 0.344 0.156 0.641 0.994 0.343 0.455 0.205 0.470 0.074 0.138 0.271 0.082 0.565 0.867 0.962 0.100 0.862 0.463 0.451 0.333 0.737 0.300 0.045 0.220 0.737 0.522 0.727 0.920 0.097 0.459 0.443 0.113 0.679 0.193 0.755 0.416 0.620 0.707 0.725 0.270 0.996 0.578 0.998 0.580 0.017 0.735 0.365 0.398 0.037 0.609 0.877 0.153 0.278 0.519 0.512 0.035 0.479 0.713 0.743 0.658 0.091 0.358 0.580 0.647 0.393 0.964 0.777 0.089 0.158 0.329 0.231 0.734 0.016 0.265 0.959 0.065 0.811 0.659 0.067 0.605 0.417 0.150 0.472 0.956 0.891 0.137 0.110 0.938 0.626 0.974 0.790 0.592 0.532 0.030 0.105 0.350 0.912 0.526 0.729 0.794 0.261 0.888 0.743 0.970 0.144 0.193 0.717 0.015 0.823 0.539 0.438 0.059 0.391 0.274 0.749 0.811 0.612 0.786 0.389 0.330 0.351 0.355 0.448 0.578 0.020 0.654 0.690 0.985 0.754 0.602 0.329 0.243 0.501 0.891 0.030 0.213 0.026 0.880 0.346 0.693 0.031 0.096 0.585 0.137 0.346 0.476 0.101 0.387 0.510 0.737 0.496 0.448 0.089 0.684 0.127 0.852 0.167 0.322 0.798 0.624 0.826 0.194 0.826 0.959 0.351 0.138 0.830 0.614 0.242 0.472 0.670 0.122 0.446 0.144 0.997 0.840 0.505 0.469 0.753 0.552 0.853 0.121 0.605 0.272 0.344 0.503 0.988 0.083 0.962 0.012 0.684 0.712 0.364 0.260 0.566 0.758 0.995 0.913 0.369 0.417 0.198 0.030 0.899 0.519 0.089 0.723 0.624 0.660 0.383 0.134 0.550 0.904 0.878 0.066 0.455 0.603 0.398 0.410 0.807 0.876 0.874 0.338 0.861 0.477 0.185 0.206 0.410 0.418 0.554 0.236 0.557 0.925 0.025 0.126 0.636 0.036 0.764 0.240 0.339 0.350 0.822 0.302 0.140 0.662 0.094 0.705 0.266 0.309 0.133 0.482 0.108 0.609 0.427 0.518 0.901 0.946 0.405 0.446 0.515 0.987 0.988 0.611 0.212 0.957 0.366 0.139 0.285 0.741 0.931 0.601 0.651 0.108 0.423 0.592 0.305 0.651 0.934 0.939 0.051 0.709 0.900 0.834 0.720 0.502 0.571 0.512 0.897 0.082 0.423 0.530 0.446 0.116 0.905 0.814 0.812 0.379 0.207 0.771 0.587 0.728 0.129 0.305 0.223 0.717 0.544 0.091 0.024 0.281 0.199 0.137 0.201 0.166 0.565 0.158 0.369 0.926 0.577 0.378 0.874 0.288 0.016 0.720 0.726 0.427 0.710 0.546 0.165 0.561 0.557 0.734 0.120 0.218 0.043 0.338 0.643 0.143 0.407 0.184 0.346 0.566 0.724 0.538 0.884 0.543 0.806 0.488 0.171 0.641 0.333 0.625 0.164 0.998 0.902 0.511 0.837 0.408 0.549 0.470 0.477 0.550 0.972 0.375 0.471 0.995 0.719 0.889 0.387 0.473 0.581 0.085 0.819 0.975 0.909 0.382 0.504 0.281 0.365 0.098 0.296 0.587 0.439 0.392 0.144 0.821 0.370 0.998 0.479 0.356 0.067 0.567 
ofv: 36.000000
Best time: 18.302
Total time:30.296 


Instance: ..\Instances\plymouth.txt
RKO: PSO | PSO | PSO | PSO | 
Sol: 0.251 0.915 0.113 0.192 0.162 0.271 0.557 0.650 0.884 0.629 0.146 0.686 0.201 0.817 0.132 0.559 0.521 0.303 0.460 0.306 0.285 0.452 0.186 0.636 0.208 0.967 0.127 0.095 0.122 0.363 0.090 0.956 0.747 0.651 0.326 0.881 0.840 0.736 0.445 0.125 0.080 0.039 0.445 0.897 0.615 0.694 0.002 0.022 0.837 0.768 0.279 0.483 0.105 0.119 0.478 0.667 0.703 0.536 0.744 0.451 0.357 0.035 0.346 0.624 0.412 0.086 0.821 0.021 0.180 0.427 0.208 0.584 0.744 0.513 0.347 0.442 0.988 0.355 0.233 0.045 0.037 0.534 0.530 0.841 0.740 0.645 0.423 0.528 0.943 0.501 0.172 0.348 0.184 0.169 0.296 0.596 0.911 0.777 0.463 0.770 0.635 0.386 0.333 0.845 0.553 0.723 0.520 0.753 0.793 0.400 0.895 0.247 0.889 0.904 0.937 0.395 0.366 0.239 0.445 0.036 0.668 0.514 0.366 0.772 0.847 0.253 0.625 0.465 0.689 0.408 0.317 0.899 0.159 0.171 0.201 0.243 0.460 0.815 0.963 0.002 0.772 0.348 0.898 0.442 0.037 0.714 0.723 0.062 0.161 0.980 0.703 0.882 0.915 0.594 0.026 0.953 0.809 0.673 0.933 0.334 0.657 0.676 0.532 0.783 0.048 0.905 0.673 0.388 0.621 0.634 0.488 0.714 0.235 0.396 0.017 0.549 0.050 0.638 0.026 0.796 0.596 0.839 0.565 0.626 0.016 0.526 0.075 0.039 0.311 0.004 0.074 0.015 0.667 0.360 0.323 0.387 0.645 0.007 0.987 0.363 0.902 0.999 0.858 0.111 0.726 0.371 0.764 0.198 0.891 0.393 0.511 0.383 0.372 0.307 0.993 0.031 0.384 0.539 0.575 0.636 0.451 0.489 0.866 0.137 0.036 0.816 0.353 0.073 0.017 0.540 0.879 0.694 0.089 0.205 0.773 0.338 0.848 0.046 0.373 0.208 0.963 0.305 0.987 0.000 0.727 0.304 0.807 0.685 0.077 0.766 0.582 0.100 0.200 0.063 0.295 0.318 0.613 0.004 0.872 0.807 0.915 0.264 0.230 0.277 0.385 0.930 0.418 0.578 0.654 0.013 0.238 0.601 0.829 0.735 0.864 0.550 0.876 0.200 0.701 0.947 0.318 0.834 0.204 0.704 0.668 0.026 0.166 0.565 0.381 0.579 0.666 0.471 0.234 0.185 0.698 0.962 0.032 0.101 0.379 0.763 0.873 0.005 0.838 0.480 0.012 0.454 0.046 0.334 0.812 0.697 0.221 0.531 0.009 0.887 0.666 0.918 0.612 0.342 0.340 0.829 0.589 0.469 0.459 0.925 0.288 0.741 0.928 0.529 0.289 0.567 0.063 0.408 0.378 0.941 0.428 0.964 0.794 0.766 0.841 0.768 0.323 0.222 0.984 0.975 0.111 0.790 0.701 0.603 0.369 0.085 0.048 0.059 0.891 0.932 0.322 0.756 0.841 0.022 0.012 0.768 0.923 0.588 0.864 0.472 0.320 0.842 0.967 0.094 0.378 0.156 0.888 0.918 0.149 0.603 0.959 0.004 0.608 0.294 0.612 0.710 0.352 0.124 0.407 0.170 0.366 0.092 0.809 0.990 0.480 0.624 0.570 0.071 0.016 0.930 0.321 0.127 0.449 0.099 0.048 0.548 0.174 0.322 0.851 0.309 0.511 0.226 0.300 0.087 0.446 0.507 0.949 0.756 0.632 0.789 0.070 0.692 0.163 0.691 0.720 0.696 0.334 0.161 0.079 0.479 0.879 0.020 0.676 0.169 0.544 0.297 0.489 0.226 0.430 0.284 0.876 0.042 0.886 0.510 0.948 0.178 0.084 0.503 0.887 0.432 0.947 0.042 0.626 0.135 0.799 0.116 0.958 0.608 0.811 0.631 0.614 0.770 0.987 0.994 0.793 0.544 0.025 0.115 0.007 0.698 0.590 0.274 0.767 0.506 0.903 0.199 0.191 0.135 0.177 0.002 0.446 0.335 0.193 0.549 0.541 0.161 0.787 0.676 0.113 0.582 0.559 0.444 0.332 0.369 0.022 0.489 0.040 0.636 0.557 0.187 0.177 0.612 0.784 0.371 0.137 0.742 0.450 0.228 0.714 0.935 0.329 0.910 0.179 0.640 0.394 0.591 0.320 0.624 0.826 0.666 0.468 0.096 0.701 0.522 0.677 0.930 0.582 0.623 0.811 0.762 0.602 0.929 0.315 0.289 0.590 0.115 0.865 0.760 0.113 0.414 0.114 0.153 0.882 0.639 0.691 0.730 0.164 0.833 0.319 0.452 0.832 0.435 0.446 0.315 0.003 0.949 0.201 0.713 0.776 0.850 0.263 0.474 0.090 0.590 0.548 0.953 0.789 0.348 0.099 0.401 0.310 0.283 0.050 0.220 0.964 0.781 0.596 0.554 0.890 0.892 0.771 0.807 0.368 0.896 0.035 0.816 0.157 0.512 0.325 0.718 0.323 0.058 0.514 0.000 0.468 0.202 0.476 0.455 0.584 0.146 0.620 0.218 0.189 0.229 0.999 0.771 0.113 0.120 0.766 0.047 0.447 0.569 0.982 0.117 0.473 0.471 0.937 0.009 0.271 0.245 0.951 0.800 0.593 0.489 0.715 0.690 0.070 0.173 0.998 0.401 0.559 0.895 0.379 0.603 0.016 0.754 0.720 0.946 0.804 0.518 0.995 0.910 0.764 0.455 0.346 0.837 0.287 0.575 0.510 0.322 0.283 0.175 0.717 0.893 0.444 0.974 0.829 0.869 0.902 0.733 0.162 0.019 0.827 0.839 0.956 0.690 0.683 0.749 0.501 0.510 0.162 0.133 0.244 0.279 0.211 0.020 0.422 0.499 0.129 0.977 0.885 0.412 0.872 0.495 0.315 0.915 0.251 0.673 0.563 0.265 0.088 0.284 0.979 0.575 0.730 0.978 0.158 0.112 0.030 0.193 0.675 0.206 0.749 0.527 0.183 0.495 0.964 0.207 0.565 0.132 0.092 0.572 0.202 0.599 0.667 0.069 0.222 0.166 0.349 0.241 0.500 0.209 0.714 0.635 0.211 0.400 0.571 0.945 0.198 0.751 0.322 0.493 0.702 0.844 0.244 0.523 0.048 0.453 0.902 0.417 0.136 0.874 0.810 0.767 0.084 0.807 0.489 0.956 0.243 0.978 0.676 0.064 0.495 0.941 0.291 0.868 0.086 0.286 0.957 0.913 0.841 0.870 0.265 0.964 0.855 0.945 0.234 0.893 0.245 0.817 0.440 0.696 0.508 0.473 0.721 0.382 0.246 0.263 0.815 0.580 0.449 0.812 0.357 0.549 0.254 0.627 0.015 0.461 0.749 0.763 0.560 0.892 0.194 0.903 0.860 0.571 0.728 0.971 0.573 0.567 0.486 0.605 0.008 0.723 0.719 0.437 0.531 0.919 0.328 0.222 0.130 0.709 0.212 0.417 0.074 0.903 0.492 0.955 0.161 0.372 0.905 0.937 0.711 0.917 0.833 0.920 0.893 0.832 0.398 0.598 0.728 0.153 0.545 0.681 0.978 0.372 0.650 0.377 0.824 0.452 0.584 0.436 0.141 0.812 0.982 0.721 0.408 0.524 0.762 0.817 0.914 0.644 0.350 0.547 0.798 0.361 0.555 0.414 0.766 0.303 0.302 0.830 0.495 0.102 0.692 0.231 0.131 0.308 0.991 0.518 0.235 0.939 0.716 0.003 0.876 0.707 0.646 0.587 0.563 0.627 0.544 0.625 0.632 0.686 0.325 0.273 0.823 0.466 0.589 0.796 0.534 0.336 0.075 0.152 0.811 0.488 0.340 0.902 0.254 0.041 0.128 0.825 0.211 0.753 0.696 0.775 0.051 0.605 0.999 0.365 0.097 0.478 0.837 0.445 0.693 0.257 0.141 0.416 0.076 0.985 0.885 0.251 0.267 0.724 0.156 0.892 0.573 0.625 0.503 0.651 0.060 0.563 0.392 0.988 0.416 0.029 0.104 0.128 0.991 0.060 0.351 0.425 0.468 0.835 0.944 0.092 0.879 0.292 0.869 0.357 0.768 0.741 0.395 0.839 0.066 0.887 0.289 0.984 0.808 0.402 0.401 0.469 0.358 0.150 0.637 0.360 0.608 0.661 0.656 0.472 0.314 0.111 0.956 0.251 0.855 0.067 0.138 0.326 0.290 0.717 0.739 0.665 0.048 0.137 0.587 0.892 0.672 0.424 0.597 0.798 0.798 0.266 0.926 0.586 0.616 0.842 0.202 0.498 0.357 0.540 0.461 0.128 0.980 0.593 0.384 0.217 0.071 0.958 0.129 0.258 0.785 0.974 0.671 0.044 0.786 0.511 0.833 0.273 0.378 0.543 0.670 0.897 0.861 0.576 0.567 0.077 0.411 0.402 0.217 0.505 0.509 0.104 0.470 0.570 0.237 0.044 0.015 0.104 0.261 0.200 0.055 0.031 0.180 0.608 0.326 0.774 0.623 0.209 0.308 0.068 0.250 0.913 0.459 0.047 0.735 0.156 0.166 0.476 0.945 0.256 0.381 0.856 0.839 0.230 0.827 0.394 0.681 0.494 0.359 0.663 0.077 0.742 0.107 0.747 0.227 0.397 0.071 0.604 0.416 0.886 1.000 0.261 0.564 0.378 0.963 0.810 0.847 0.887 0.096 0.427 0.408 0.286 0.074 0.210 0.433 0.822 0.114 0.726 0.541 0.332 0.333 0.532 0.448 0.500 0.918 0.121 0.261 0.447 0.861 0.357 0.869 0.108 0.940 0.602 0.005 0.640 0.495 0.397 0.348 0.490 0.250 0.821 0.714 0.889 0.749 0.613 0.117 0.662 
ofv: 35.000000
Best time: 21.347
Total time:30.171 


Instance: ..\Instances\southampton.txt
RKO: GA | GA | GA | GA | 
Sol: 0.150 0.723 0.919 0.254 0.081 0.262 0.648 0.527 0.013 0.991 0.966 0.014 0.619 0.591 0.446 0.476 0.622 0.752 0.149 0.750 0.875 0.758 0.299 0.616 0.032 0.624 0.086 0.655 0.039 0.207 0.153 0.154 0.734 0.411 0.522 0.408 0.023 0.824 0.037 0.039 0.465 0.492 0.880 0.017 0.177 0.049 0.030 0.980 0.102 0.761 0.473 0.936 0.615 0.879 0.090 0.116 0.465 0.749 0.102 0.894 0.602 0.914 0.050 0.960 0.025 0.048 0.883 0.335 0.344 0.649 0.831 0.545 0.337 0.012 0.250 0.070 0.080 0.720 0.590 0.855 0.390 0.684 0.023 0.006 0.066 0.148 0.567 0.001 0.671 0.074 0.847 0.541 0.919 0.734 0.875 0.318 0.245 0.113 0.002 0.342 0.216 0.034 0.838 0.930 0.921 0.440 0.950 0.204 0.030 0.536 0.400 0.383 0.050 0.017 0.449 0.648 0.486 0.574 0.206 0.021 0.166 0.309 0.917 0.022 0.343 0.804 0.044 0.869 0.012 0.720 0.749 0.824 0.388 0.593 0.005 0.428 0.808 0.796 0.915 0.954 0.464 0.828 0.076 0.902 0.268 0.157 0.174 0.333 0.325 0.955 0.460 0.980 0.973 0.091 0.218 0.307 0.262 0.078 0.703 0.325 0.749 0.581 0.358 0.333 0.348 0.841 0.080 0.063 0.011 0.572 0.313 0.011 0.795 0.725 0.129 0.829 0.448 0.862 0.369 0.396 0.357 0.105 0.247 0.179 0.649 0.727 0.001 0.396 0.335 0.597 0.509 0.092 0.995 0.897 0.784 0.469 0.080 0.957 0.606 0.834 0.011 0.815 0.072 0.875 0.262 0.010 0.371 0.724 0.190 0.481 0.009 0.767 0.611 0.169 0.055 0.343 0.130 0.803 0.954 0.294 0.022 0.499 0.501 0.015 0.639 0.006 0.664 0.994 0.232 0.004 0.624 0.019 0.477 0.536 0.215 0.010 0.663 0.540 0.676 0.269 0.579 0.786 0.969 0.840 0.176 0.709 0.001 0.005 0.965 0.002 0.662 0.985 0.005 0.016 0.354 0.935 0.540 0.515 0.165 0.038 0.035 0.076 0.293 0.025 0.541 0.380 0.653 0.976 0.005 0.685 0.102 0.059 0.293 0.123 0.555 0.817 0.413 0.248 0.373 0.877 0.127 0.547 0.840 0.327 0.832 0.900 0.121 0.370 0.898 0.034 0.464 0.238 0.166 0.022 0.768 0.826 0.783 0.333 0.528 0.094 0.713 0.113 0.967 0.465 0.769 0.627 0.534 0.724 0.301 0.151 0.589 0.446 0.591 0.239 0.210 0.988 0.024 0.574 0.733 0.808 0.258 0.848 0.537 0.744 0.045 0.977 0.054 0.554 0.058 0.437 0.372 0.312 0.729 0.977 0.537 0.588 0.639 0.696 0.814 0.667 0.049 0.294 0.528 0.311 0.002 0.319 0.979 0.291 0.186 0.013 0.244 0.647 0.336 0.784 0.978 0.182 0.497 0.896 0.944 0.983 0.787 0.645 0.530 0.406 0.004 0.031 0.869 0.570 0.131 0.792 0.450 0.016 0.006 0.002 0.475 0.522 0.557 0.897 0.300 0.837 0.531 0.315 0.142 0.915 0.823 0.158 0.332 0.728 0.093 0.735 0.949 0.522 0.975 0.081 0.323 0.381 0.293 0.250 0.416 0.055 0.333 0.844 0.678 0.096 0.954 0.602 0.420 0.505 0.420 0.210 0.940 0.862 0.524 0.188 0.844 0.487 0.461 0.085 0.793 0.833 0.358 0.391 0.964 0.679 0.555 0.538 0.342 0.967 0.155 0.144 0.885 0.714 0.440 0.670 0.485 0.425 0.583 0.469 0.407 0.707 0.836 0.055 0.447 0.726 0.288 0.583 0.711 0.481 0.259 0.632 0.827 0.435 0.604 0.394 0.976 0.661 0.361 0.170 0.960 0.220 0.758 0.758 0.699 0.576 0.341 0.698 0.460 0.256 0.650 0.554 0.467 0.874 0.735 0.621 0.739 0.815 0.873 0.161 0.612 0.593 0.612 0.600 0.677 0.129 0.501 0.425 0.198 0.155 0.168 0.315 0.565 0.151 0.602 0.430 0.198 0.487 0.605 0.960 0.218 0.934 0.351 0.630 0.234 0.899 0.148 0.514 0.253 0.654 0.438 0.465 0.105 0.289 0.161 0.168 0.715 0.330 0.263 0.633 0.205 0.693 0.298 0.844 0.608 0.464 0.930 0.584 0.311 0.317 0.180 0.170 0.392 0.334 0.695 0.106 0.890 0.379 0.146 0.388 0.518 0.074 0.026 0.932 0.253 0.100 0.991 0.596 0.625 0.990 0.416 0.668 0.219 0.947 0.203 0.651 0.676 0.928 0.126 0.712 0.807 0.313 0.161 0.454 0.497 0.299 0.255 0.305 0.260 0.576 0.481 0.381 0.998 0.632 0.649 0.938 0.635 0.387 0.412 0.224 0.326 0.101 0.733 0.173 0.513 0.216 0.626 0.414 0.168 0.481 0.486 0.850 0.885 0.366 0.503 0.114 0.929 0.215 0.545 0.236 0.198 0.123 0.213 0.132 0.225 0.600 0.866 0.347 0.497 0.503 0.959 0.658 0.623 0.922 0.581 0.554 0.612 0.931 0.167 0.589 0.576 0.410 0.989 0.891 0.194 0.749 0.170 0.632 0.341 0.603 0.682 0.981 0.841 0.626 0.287 0.513 0.472 0.124 0.085 0.756 0.235 0.863 0.707 0.282 0.881 0.314 0.991 0.791 0.653 0.298 0.107 0.584 0.848 0.998 0.181 0.635 0.076 0.848 0.128 0.513 0.056 0.708 0.981 0.385 0.761 0.736 0.113 0.479 0.109 0.900 0.345 0.720 0.935 0.157 0.278 0.796 0.643 0.289 0.944 0.056 0.767 0.516 0.993 0.722 0.622 0.260 0.776 0.762 0.868 0.582 0.407 0.284 0.187 0.717 0.626 0.952 0.888 0.469 0.650 0.269 0.797 0.132 0.078 0.177 0.479 0.332 0.753 0.745 0.813 0.316 0.507 0.099 0.529 0.621 0.334 0.645 0.564 0.939 0.339 0.985 0.517 0.398 0.406 0.970 0.773 0.972 0.152 0.437 0.667 0.738 0.592 0.240 0.902 0.531 0.678 0.251 0.323 0.143 0.261 0.903 0.483 0.369 0.089 0.510 0.630 0.248 0.652 0.501 0.842 0.942 0.263 0.878 0.205 0.219 0.747 0.296 0.144 0.210 0.880 0.300 0.708 0.417 0.368 0.183 0.644 0.517 0.038 0.812 0.724 0.225 0.899 0.811 0.312 0.846 0.184 0.584 0.989 0.304 0.484 0.946 0.358 0.617 0.088 0.572 0.692 0.499 0.610 0.493 0.859 0.303 0.918 0.807 0.226 0.943 0.991 0.903 0.582 0.744 
ofv: 30.000000
Best time: 26.497
Total time:30.141 


Instance: ..\Instances\southampton.txt
RKO: SA | SA | SA | SA | 
Sol: 0.313 0.706 0.245 0.533 0.029 0.991 0.883 0.583 0.060 0.959 0.208 0.990 0.041 0.227 0.373 0.196 0.560 0.202 0.409 0.204 0.625 0.972 0.231 0.745 0.812 0.996 0.282 0.632 0.586 0.391 0.747 0.469 0.088 0.871 0.150 0.806 0.743 0.834 0.068 0.108 0.692 0.694 0.774 0.941 0.984 0.809 0.392 0.208 0.404 0.979 0.126 0.603 0.642 0.809 0.756 0.793 0.208 0.154 0.190 0.171 0.668 0.528 0.294 0.318 0.936 0.516 0.583 0.142 0.245 0.401 0.941 0.099 0.940 0.658 0.362 0.045 0.861 0.404 0.563 0.592 0.660 0.484 0.578 0.603 0.797 0.047 0.003 0.302 0.912 0.892 0.007 0.222 0.400 0.716 0.286 0.860 0.331 0.830 0.664 0.858 0.111 0.101 0.262 0.225 0.220 0.769 0.828 0.228 0.164 0.554 0.292 0.102 0.528 0.110 0.757 0.027 0.991 0.014 0.132 0.503 0.066 0.270 0.568 0.745 0.609 0.221 0.522 0.357 0.260 0.562 0.345 0.912 0.343 0.090 0.192 0.621 0.420 0.274 0.319 0.238 0.600 0.169 0.022 0.825 0.848 0.480 0.087 0.234 0.543 0.154 0.660 0.232 0.059 0.297 0.428 0.356 0.622 0.359 0.879 0.606 0.865 0.426 0.161 0.120 0.023 0.027 0.272 0.852 0.324 0.417 0.618 0.142 0.244 0.705 0.968 0.617 0.943 0.508 0.827 0.737 0.962 0.965 0.460 0.902 0.460 0.769 0.831 0.351 0.542 0.576 0.626 0.537 0.926 0.806 0.581 0.824 0.730 0.269 0.465 0.837 0.002 0.689 0.794 0.430 0.317 0.274 0.719 0.175 0.011 0.279 0.571 0.276 0.141 0.589 0.951 0.790 0.428 0.074 0.225 0.491 0.373 0.303 0.975 0.532 0.380 0.003 0.683 0.333 0.738 0.594 0.764 0.879 0.491 0.508 0.508 0.727 0.049 0.539 0.990 0.723 0.791 0.563 0.714 0.922 0.890 0.049 0.361 0.068 0.244 0.248 0.618 0.121 0.032 0.399 0.253 0.896 0.405 0.589 0.006 0.004 0.517 0.017 0.823 0.359 0.597 0.255 0.973 0.310 0.519 0.865 0.995 0.990 0.380 0.551 0.950 0.460 0.662 0.513 0.407 0.518 0.824 0.952 0.963 0.768 0.042 0.550 0.047 0.935 0.479 0.903 0.914 0.266 0.978 0.360 0.378 0.795 0.339 0.062 0.269 0.007 0.514 0.560 0.798 0.277 0.050 0.776 0.153 0.814 0.048 0.152 0.734 0.916 0.168 0.648 0.474 0.462 0.043 0.987 0.975 0.530 0.764 0.960 0.136 0.941 0.832 0.934 0.920 0.647 0.408 0.872 0.010 0.847 0.535 0.145 0.324 0.500 0.235 0.818 0.028 0.733 0.874 0.304 0.826 0.620 0.042 0.814 0.840 0.779 0.199 0.360 0.619 0.795 0.644 0.757 0.717 0.071 0.080 0.368 0.811 0.911 0.898 0.849 0.838 0.127 0.138 0.321 0.572 0.772 0.717 0.177 0.766 0.036 0.154 0.029 0.096 0.326 0.191 0.596 0.819 0.424 0.494 0.449 0.026 0.827 0.898 0.892 0.602 0.638 0.307 0.043 0.653 0.779 0.709 0.499 0.377 0.114 0.535 0.611 0.341 0.621 0.561 0.349 0.353 0.316 0.355 0.778 0.786 0.665 0.442 0.329 0.765 0.123 0.813 0.675 0.723 0.668 0.313 0.416 0.746 0.272 0.218 0.146 0.788 0.827 0.873 0.126 0.496 0.412 0.628 0.790 0.496 0.571 0.619 0.506 0.437 0.856 0.480 0.965 0.683 0.821 0.901 0.865 0.388 0.101 0.903 0.522 0.246 0.728 0.212 0.199 0.428 0.551 0.867 0.311 0.734 0.764 0.358 0.473 0.758 0.782 0.670 0.954 0.058 0.039 0.074 0.096 0.614 0.346 0.135 0.965 0.412 0.179 0.962 0.441 0.459 0.420 0.549 0.578 0.505 0.785 0.426 0.316 0.661 0.461 0.376 0.998 0.834 0.754 0.779 0.478 0.080 0.407 0.696 0.905 0.807 0.319 0.637 0.492 0.628 0.788 0.343 0.985 0.333 0.992 0.572 0.237 0.590 0.481 0.458 0.064 0.764 0.773 0.115 0.607 0.234 0.164 0.350 0.500 0.270 0.358 0.531 0.922 0.539 0.547 0.522 0.527 0.171 0.272 0.122 0.255 0.877 0.343 0.506 0.672 0.084 0.007 0.084 0.846 0.938 0.639 0.483 0.157 0.251 0.266 0.631 0.410 0.175 0.396 0.909 0.183 0.189 0.119 0.485 0.909 0.434 0.605 0.232 0.429 0.308 0.249 0.808 0.714 0.384 0.127 0.818 0.432 0.479 0.436 0.912 0.289 0.487 0.901 0.726 0.249 0.760 0.229 0.499 0.431 0.791 0.777 0.654 0.532 0.818 0.360 0.590 0.785 0.167 0.365 0.759 0.923 0.629 0.897 0.606 0.485 0.961 0.461 0.367 0.689 0.476 0.161 0.323 0.781 0.961 0.748 0.399 0.235 0.229 0.614 0.848 0.670 0.887 0.390 0.414 0.691 0.753 0.167 0.907 0.145 0.139 0.587 0.101 0.838 0.714 0.423 0.469 0.246 0.524 0.810 0.981 0.896 0.213 0.208 0.600 0.749 0.663 0.394 0.747 0.284 0.898 0.930 0.408 0.568 0.482 0.124 0.436 0.243 0.481 0.123 0.457 0.380 0.823 0.619 0.910 0.944 0.822 0.487 0.322 0.522 0.454 0.209 0.450 0.259 0.336 0.949 0.079 0.096 0.886 0.589 0.789 0.106 0.905 0.481 0.717 0.402 0.778 0.318 0.851 0.688 0.734 0.088 0.072 0.539 0.733 0.287 0.335 0.069 0.664 0.189 0.439 0.862 0.269 0.616 0.545 0.085 0.691 0.082 0.370 0.514 0.334 0.906 0.687 0.162 0.638 0.393 0.798 0.272 0.089 0.674 0.645 0.319 0.159 0.102 0.123 0.920 0.933 0.285 0.505 0.807 0.758 0.245 0.748 0.676 0.394 0.737 0.028 0.546 0.621 0.539 0.606 0.078 0.896 0.695 0.667 0.843 0.248 0.042 0.576 0.895 0.530 0.951 0.683 0.852 0.979 0.746 0.706 0.284 0.222 0.474 0.304 0.612 0.069 0.553 0.827 0.056 0.708 0.198 0.163 0.397 0.685 0.686 0.958 0.848 0.685 0.838 0.657 0.092 0.645 0.824 0.373 0.477 0.985 0.659 0.035 0.978 0.777 0.558 0.438 0.355 0.443 0.621 0.926 0.917 0.929 0.926 0.418 0.586 0.688 0.625 0.915 0.685 0.055 0.396 0.439 0.636 0.751 0.602 
ofv: 31.000000
Best time: 16.175
Total time:30.178 


Instance: ..\Instances\southampton.txt
RKO: PSO | PSO | PSO | PSO | 
Sol: 0.588 0.904 0.289 0.670 0.192 0.473 0.014 0.273 0.842 0.179 0.330 0.009 0.910 0.687 0.891 0.087 0.272 0.640 0.324 0.100 0.960 0.939 0.338 0.042 0.189 0.494 0.941 0.340 0.832 0.089 0.828 0.189 0.607 0.731 0.861 0.257 0.966 0.248 0.508 0.179 0.477 0.832 0.338 0.004 0.157 0.572 0.608 0.410 0.752 0.110 0.829 0.700 0.019 0.655 0.898 0.174 0.424 0.275 0.251 0.838 0.084 0.152 0.754 0.096 0.841 0.292 0.580 0.559 0.134 0.842 0.434 0.264 0.883 0.844 0.261 0.030 0.663 0.174 0.199 0.159 0.836 0.492 0.438 0.503 0.484 0.793 0.940 0.006 0.449 0.906 0.524 0.356 0.610 0.313 0.282 0.658 0.725 0.407 0.083 0.327 0.291 0.068 0.284 0.723 0.045 0.917 0.162 0.537 0.044 0.344 0.566 0.528 0.370 0.221 0.499 0.842 0.192 0.316 0.976 0.378 0.147 0.572 0.409 0.875 0.483 0.888 0.929 0.382 0.063 0.264 0.863 0.602 0.843 0.313 0.923 0.934 0.677 0.356 0.101 0.844 0.201 0.909 0.259 0.371 0.842 0.009 0.754 0.303 0.980 0.621 0.873 0.325 0.073 0.158 0.822 0.721 0.444 0.196 0.212 0.598 0.025 0.557 0.444 0.613 0.847 0.299 0.826 0.330 0.978 0.233 0.990 0.142 0.296 0.069 0.812 0.441 0.470 0.962 0.533 0.269 0.721 0.743 0.386 0.893 0.352 0.713 0.580 0.674 0.030 0.678 0.357 0.814 0.646 0.139 0.356 0.892 0.365 0.519 0.673 0.096 0.966 0.894 0.138 0.125 0.940 0.816 0.933 0.182 0.004 0.776 0.680 0.107 0.742 0.836 0.190 0.672 0.497 0.181 0.483 0.057 0.230 0.819 0.397 0.494 0.589 0.789 0.376 0.165 0.726 0.434 0.061 0.855 0.432 0.193 0.001 0.450 0.567 0.945 0.943 0.484 0.132 0.414 0.208 0.606 0.912 0.773 0.148 0.047 0.486 0.583 0.149 0.772 0.927 0.010 0.680 0.717 0.858 0.766 0.532 0.510 0.955 0.459 0.347 0.946 0.543 0.482 0.558 0.233 0.682 0.309 0.665 0.281 0.808 0.195 0.870 0.435 0.566 0.912 0.637 0.001 0.807 0.155 0.037 0.331 0.949 0.500 0.989 0.070 0.987 0.951 0.763 0.892 0.549 0.764 0.930 0.645 0.208 0.975 0.932 0.791 0.914 0.930 0.135 0.751 0.960 0.666 0.772 0.393 0.726 0.496 0.948 0.134 0.416 0.908 0.830 0.308 0.643 0.096 0.321 0.732 0.719 0.360 0.182 0.663 0.281 0.757 0.065 0.619 0.805 0.507 0.816 0.134 0.684 0.151 0.416 0.290 0.980 0.677 0.863 0.206 0.233 0.777 0.341 0.002 0.687 0.639 0.003 0.062 0.365 0.825 0.992 0.103 0.103 0.079 0.986 0.556 0.788 0.655 0.032 0.270 0.968 0.919 0.311 0.089 0.062 0.701 0.245 0.281 0.806 0.332 0.552 0.033 0.940 0.764 0.646 0.015 0.768 0.536 0.777 0.871 0.189 0.036 0.029 0.804 0.588 0.590 0.203 0.397 0.099 0.125 0.974 0.566 0.371 0.504 0.886 0.088 0.355 0.232 0.462 0.382 0.656 0.092 0.752 0.465 0.691 0.692 0.721 0.141 0.746 0.032 0.519 0.780 0.833 0.413 0.933 0.894 0.189 0.896 0.532 0.383 0.195 0.400 0.424 0.152 0.657 0.469 0.701 0.344 0.077 0.253 0.373 0.577 0.478 0.821 0.293 0.978 0.541 0.101 0.782 0.453 0.416 0.128 0.050 0.562 0.767 0.357 0.900 0.813 0.671 0.712 0.729 0.863 0.229 0.437 0.121 0.118 0.053 0.064 0.642 0.207 0.003 0.545 0.337 0.297 0.826 0.366 0.986 0.767 0.607 0.799 0.945 0.596 0.062 0.671 0.455 0.925 0.420 0.971 0.089 0.159 0.540 0.463 0.783 0.239 0.239 0.315 0.296 0.354 0.616 0.637 0.121 0.305 0.445 0.580 0.775 0.880 0.860 0.121 0.849 0.912 0.115 0.618 0.678 0.112 0.910 0.519 0.387 0.297 0.330 0.527 0.651 0.887 0.152 0.669 0.554 0.142 0.566 0.174 0.364 0.154 0.391 0.609 0.056 0.597 0.326 0.090 0.581 0.480 0.276 0.215 0.888 0.763 0.985 0.076 0.051 0.664 0.039 0.771 0.331 0.973 0.772 0.924 0.721 0.763 0.844 0.117 0.379 0.845 0.584 0.755 0.483 0.788 0.245 0.892 0.201 0.709 0.273 0.988 0.392 0.304 0.448 0.595 0.292 0.505 0.938 0.388 0.734 0.741 0.343 0.963 0.845 0.988 0.392 0.638 0.148 0.701 0.934 0.905 0.921 0.732 0.267 0.608 0.691 0.287 0.918 0.648 0.784 0.328 0.853 0.448 0.191 0.577 0.953 0.334 0.970 0.771 0.701 0.343 0.693 0.465 0.847 0.839 0.007 0.467 0.559 0.935 0.161 0.590 0.855 0.939 0.972 0.105 0.335 0.485 0.958 0.798 0.442 0.500 0.472 0.397 0.779 0.067 0.526 0.318 0.199 0.770 0.242 0.360 0.791 0.901 0.958 0.719 0.677 0.217 0.628 0.304 0.449 0.068 0.306 0.118 0.617 0.344 0.171 0.093 0.256 0.541 0.581 0.771 0.051 0.661 0.420 0.277 0.257 0.239 0.580 0.381 0.122 0.031 0.835 0.606 0.287 0.308 0.625 0.945 0.359 0.865 0.176 0.427 0.558 0.564 0.954 0.899 0.320 0.302 0.444 0.895 0.547 0.649 0.751 0.916 0.026 0.689 0.840 0.945 0.629 0.534 0.344 0.598 0.983 0.436 0.830 0.588 0.120 0.363 0.487 0.025 0.699 0.845 0.555 0.743 0.535 0.541 0.510 0.313 0.704 0.068 0.555 0.481 0.864 0.013 0.730 0.969 0.666 0.450 0.558 0.528 0.878 0.708 0.961 0.401 0.694 0.814 0.452 0.853 0.153 0.382 0.587 0.393 0.321 0.381 0.319 0.969 0.417 0.093 0.186 0.810 0.967 0.215 0.869 0.869 0.984 0.977 0.413 0.415 0.713 0.668 0.362 0.824 0.401 0.795 0.500 0.630 0.764 0.689 0.651 0.595 0.644 0.280 0.966 0.390 0.054 0.612 0.487 0.351 0.303 0.243 0.677 0.766 0.374 0.986 0.100 0.100 0.914 0.293 0.457 0.607 0.908 0.220 0.574 0.430 0.653 0.180 0.208 0.507 0.269 0.078 0.487 0.807 0.528 0.283 0.365 0.138 0.963 0.429 0.902 0.179 
ofv: 31.000000
Best time: 13.490
Total time:30.079 


Instance: ..\Instances\sunderland.txt
RKO: GA | GA | GA | GA | 
Sol: 0.734 0.810 0.224 0.390 0.984 0.657 0.223 0.383 0.672 0.687 0.739 0.066 0.633 0.132 0.869 0.204 0.123 0.940 0.406 0.129 0.804 0.585 0.954 0.030 0.011 0.921 0.504 0.678 0.647 0.567 0.009 0.207 0.010 0.473 0.457 0.937 0.358 0.177 0.585 0.344 0.830 0.027 0.943 0.633 0.081 0.684 0.813 0.259 0.139 0.508 0.629 0.127 0.737 0.415 0.681 0.692 0.551 0.249 0.247 0.369 0.458 0.466 0.001 0.268 0.201 0.405 0.724 0.249 0.232 0.455 0.816 0.262 0.394 0.955 0.237 0.775 0.620 0.295 0.238 0.646 0.597 0.499 0.279 0.024 0.506 0.057 0.208 0.671 0.191 0.523 0.493 0.823 0.234 0.080 0.227 0.338 0.863 0.433 0.990 0.433 0.684 0.401 0.851 0.206 0.775 0.170 0.265 0.135 0.614 0.475 0.946 0.479 0.487 0.234 0.316 0.345 0.205 0.036 0.038 0.097 0.819 0.171 0.002 0.891 0.115 0.938 0.729 0.218 0.170 0.806 0.321 0.617 0.617 0.937 0.191 0.164 0.388 0.687 0.550 0.674 0.242 0.322 0.235 0.837 0.070 0.866 0.818 0.649 0.756 0.023 0.243 0.305 0.285 0.566 0.859 0.572 0.307 0.161 0.060 0.004 0.797 0.037 0.253 0.014 0.331 0.816 0.439 0.391 0.832 0.505 0.434 0.560 0.815 0.102 0.420 0.329 0.059 0.460 0.004 0.027 0.848 0.488 0.511 0.195 0.621 0.712 0.999 0.912 0.884 0.337 0.898 0.468 0.754 0.658 0.832 0.523 0.091 0.934 0.448 0.941 0.513 0.393 0.285 0.020 0.245 0.648 0.360 0.136 0.961 0.788 0.318 0.833 0.562 0.431 0.269 0.692 0.061 0.160 0.418 0.104 0.239 0.548 0.662 0.709 0.864 0.949 0.103 0.087 0.650 0.914 0.934 0.609 0.068 0.763 0.190 0.541 0.553 0.863 0.322 0.569 0.066 0.457 0.164 0.227 0.050 0.062 0.358 0.218 0.806 0.612 0.042 0.917 0.890 0.718 0.780 0.033 0.399 0.989 0.892 0.993 0.344 0.031 0.111 0.890 0.943 0.805 0.999 0.467 0.947 0.833 0.106 0.130 0.793 0.452 0.989 0.644 0.709 0.352 0.478 0.437 0.045 0.208 0.832 0.220 0.918 0.683 0.211 0.433 0.783 0.663 0.867 0.429 0.434 0.666 0.074 0.490 0.559 0.948 0.516 0.689 0.131 0.378 0.343 0.829 0.594 0.142 0.806 0.869 0.285 0.618 0.414 0.233 0.852 0.511 0.050 0.346 0.700 0.649 0.613 0.776 0.910 0.175 0.557 0.541 0.174 0.030 0.797 0.005 0.074 0.129 0.202 0.566 0.291 0.876 0.559 0.317 0.192 0.440 0.158 0.590 0.466 0.033 0.284 0.342 0.640 0.416 0.914 0.527 0.642 0.833 0.804 0.639 0.675 0.525 0.031 0.969 0.962 0.192 0.565 0.479 0.945 0.834 0.536 0.047 0.452 0.115 0.922 0.236 0.499 0.663 0.486 0.633 0.713 0.569 0.845 0.874 0.680 0.574 0.592 0.298 0.597 0.825 0.605 0.456 0.996 0.480 0.612 0.174 0.156 0.206 0.427 0.426 0.420 0.883 0.407 0.259 0.749 0.213 0.030 0.272 0.461 0.681 0.200 0.752 0.528 0.668 0.054 0.978 0.390 0.602 0.530 0.967 0.771 0.820 0.548 0.183 0.946 0.893 0.526 0.108 0.830 0.689 0.802 0.366 0.537 0.253 0.533 0.830 0.159 0.254 0.131 0.215 0.793 0.645 0.750 0.348 0.963 0.189 0.486 0.085 0.584 0.714 0.787 0.927 0.091 0.763 0.405 0.308 0.394 0.637 0.447 0.939 0.493 0.201 0.896 0.554 0.978 0.566 0.276 0.670 0.579 0.102 0.012 0.649 0.551 0.280 0.724 0.274 0.199 0.110 0.069 0.283 0.015 0.106 0.991 0.277 0.106 0.920 0.200 0.004 0.271 0.110 0.131 0.444 0.682 0.602 0.108 0.491 0.377 0.125 0.015 0.609 0.929 0.259 0.204 0.055 0.884 0.041 0.292 0.008 0.235 0.622 0.015 0.694 0.414 0.196 0.765 0.506 0.940 0.435 0.992 0.785 0.712 0.500 0.109 0.081 0.987 0.832 0.093 0.138 0.571 0.079 0.789 0.571 0.037 0.662 0.690 0.849 0.609 0.703 0.220 0.482 0.164 0.055 0.361 0.249 0.294 0.401 0.659 0.152 0.518 0.950 0.885 0.395 0.513 0.158 0.569 0.484 0.550 0.487 0.643 0.068 0.788 0.657 0.178 0.108 0.297 0.811 0.988 0.231 0.730 0.333 0.507 0.147 0.565 0.599 0.651 0.367 0.233 0.679 0.879 0.094 0.796 0.865 0.422 0.963 0.360 0.459 0.139 0.684 0.390 0.367 0.456 0.190 0.006 0.482 0.845 0.141 0.341 0.004 0.411 0.182 0.052 0.148 0.178 0.854 0.653 0.839 0.690 0.442 0.998 0.577 0.097 0.472 0.814 0.415 0.595 0.696 0.238 0.176 0.283 0.471 0.289 0.006 0.523 0.729 0.343 0.578 0.344 0.798 0.072 0.473 0.953 0.946 0.766 0.237 0.441 0.012 0.550 0.669 0.498 0.893 0.547 0.932 0.717 0.576 0.455 0.022 0.410 0.568 0.827 0.523 0.606 0.729 0.912 0.806 0.844 0.158 0.198 0.114 0.967 0.945 0.126 0.132 0.529 0.040 0.236 0.014 0.550 0.218 0.315 0.921 0.804 0.725 0.295 0.602 0.972 0.275 0.454 0.857 0.510 0.304 0.662 0.251 0.619 0.329 0.318 0.784 0.305 0.237 0.903 0.936 0.485 0.239 0.927 0.396 0.650 0.881 0.962 0.601 0.656 0.591 0.867 0.985 0.869 0.652 0.173 0.229 0.403 0.807 0.144 0.813 0.519 0.788 0.543 0.850 0.939 0.518 0.161 0.709 0.148 0.206 0.500 0.820 0.542 0.342 0.663 0.089 0.672 0.781 0.812 0.637 0.527 0.452 0.403 0.637 0.110 0.964 0.582 0.899 0.458 0.710 0.303 0.461 0.844 0.929 0.541 0.677 0.345 0.880 0.517 0.418 0.797 0.638 0.562 0.730 0.808 0.234 0.099 0.385 0.498 0.831 0.476 0.220 0.098 0.642 0.145 0.938 0.046 0.357 0.286 0.045 0.091 0.105 0.175 0.446 0.262 0.758 0.479 0.207 0.350 0.575 0.901 0.866 0.418 0.484 0.517 0.459 0.352 0.972 0.190 0.404 0.810 0.659 0.132 0.477 0.545 0.044 0.289 0.758 0.512 0.342 0.700 0.350 0.371 0.733 0.092 0.931 0.093 0.438 0.260 0.515 0.324 0.556 0.940 0.880 0.195 0.826 0.049 0.655 0.088 0.797 0.922 0.143 0.797 0.739 0.226 0.250 0.207 0.279 0.732 0.260 0.128 0.560 0.424 0.864 0.669 0.703 0.862 0.476 0.641 0.741 0.844 0.526 0.854 0.289 0.977 0.031 0.723 0.817 0.597 0.903 0.975 0.711 0.980 0.440 0.722 0.603 0.303 0.788 0.872 0.513 0.221 0.369 0.310 0.504 0.378 0.412 0.705 0.954 0.572 0.492 0.898 0.732 0.394 0.549 0.325 0.600 0.862 0.931 0.249 0.811 0.072 0.208 0.716 0.376 0.342 0.272 0.034 0.156 0.916 0.723 0.377 0.356 0.260 0.592 0.524 0.144 0.152 0.766 0.066 0.669 0.921 0.209 0.493 0.173 0.482 0.824 0.681 0.563 0.712 0.179 0.195 0.082 0.643 0.080 0.432 0.315 0.497 0.725 0.347 0.712 0.702 0.522 0.521 0.790 0.738 0.997 0.513 0.581 0.602 0.508 0.811 0.727 0.399 0.096 0.554 0.957 0.395 0.770 0.635 0.167 0.984 0.999 0.414 0.403 0.326 0.171 0.815 0.352 0.833 0.382 0.796 0.087 0.299 0.951 0.754 0.409 0.652 0.379 0.843 0.963 0.808 0.579 0.642 0.708 0.252 0.845 0.559 0.906 0.613 0.585 0.316 0.413 0.180 0.397 0.672 0.200 0.461 0.526 0.321 0.315 0.727 0.703 0.610 0.678 0.987 0.135 0.666 0.645 0.112 0.521 0.132 0.745 0.808 0.296 0.489 0.218 0.183 0.876 0.824 1.000 0.721 0.613 0.984 0.078 0.249 0.644 0.140 0.558 0.259 0.009 0.329 0.243 0.406 0.433 0.201 0.732 0.830 0.566 0.132 0.487 0.110 0.612 0.738 0.011 0.388 0.133 0.705 0.755 0.840 0.287 0.917 0.101 0.323 0.471 0.560 0.838 0.940 0.768 0.642 0.695 0.627 0.424 0.558 0.925 0.283 0.519 0.605 0.863 0.804 0.516 0.981 0.157 0.698 0.164 0.132 0.895 0.418 0.609 0.919 0.546 0.243 0.781 0.432 0.023 0.302 0.051 0.320 0.159 0.894 0.409 0.473 0.463 0.621 0.040 0.479 0.583 0.449 0.277 0.315 0.751 0.676 0.688 0.103 0.297 0.712 0.696 0.388 0.860 0.043 0.651 0.657 0.490 0.947 0.616 0.746 0.695 0.975 0.200 0.597 0.022 0.392 0.813 0.922 0.097 0.817 0.047 0.841 0.262 0.889 0.312 0.480 0.344 0.205 0.909 0.095 0.940 0.625 0.511 0.095 0.466 0.149 0.848 0.747 0.138 0.604 0.812 0.436 0.652 0.403 0.332 0.290 0.832 0.792 0.869 0.508 0.084 0.532 0.998 0.755 0.492 0.632 0.659 0.154 0.518 0.071 0.445 0.743 0.136 0.233 0.653 0.711 0.903 0.197 0.581 0.067 0.959 0.603 0.178 0.711 0.163 0.841 0.729 0.288 0.118 0.329 0.421 0.573 0.509 0.359 0.323 0.841 0.167 0.309 0.514 0.905 0.529 0.466 0.722 0.551 0.333 0.808 0.550 0.856 0.533 0.201 0.291 0.504 0.483 0.190 0.081 0.524 0.641 0.072 0.984 0.205 0.762 0.344 0.946 0.338 0.884 0.823 0.179 0.075 0.615 0.920 0.841 0.989 0.941 0.918 0.850 0.030 0.793 0.279 0.081 0.771 0.315 0.864 0.363 0.785 0.769 0.114 0.722 0.995 0.760 0.614 0.247 0.432 0.258 0.069 0.453 0.187 0.483 0.775 0.672 0.888 0.934 0.274 0.867 0.296 0.422 0.419 0.932 0.627 0.457 0.660 0.922 0.707 0.601 0.206 0.307 0.157 0.196 0.882 0.378 0.475 0.335 0.989 0.325 0.390 0.640 0.296 0.138 0.295 0.099 0.818 0.029 0.699 0.426 0.383 0.026 0.910 0.824 0.725 0.027 0.850 0.086 0.629 0.821 0.741 0.288 0.506 0.491 0.919 0.997 0.583 0.025 0.666 0.854 0.514 0.385 0.891 0.229 0.308 0.471 0.607 0.163 0.094 0.964 0.533 0.935 0.786 0.343 0.725 0.201 0.223 0.781 0.286 0.396 0.967 0.831 0.829 0.512 0.147 0.140 0.175 0.295 0.344 0.089 0.418 0.895 0.869 0.838 0.527 0.010 0.818 0.424 0.133 0.726 0.309 0.407 0.694 0.564 0.530 0.742 0.280 0.714 0.093 0.969 0.079 0.408 0.623 0.914 0.796 0.913 0.863 0.908 0.617 0.925 0.351 0.205 0.325 0.217 0.198 0.095 
ofv: 44.000000
Best time: 22.003
Total time:30.328 


Instance: ..\Instances\sunderland.txt
RKO: SA | SA | SA | SA | 
Sol: 0.956 0.723 0.645 0.814 0.201 0.318 0.483 0.237 0.641 0.311 0.065 0.669 0.679 0.950 0.831 0.418 0.826 0.775 0.183 0.199 0.870 0.975 0.659 0.713 0.029 0.256 0.543 0.206 0.530 0.462 0.569 0.456 0.657 0.016 0.039 0.072 0.211 0.194 0.186 0.876 0.175 0.502 0.145 0.718 0.541 0.603 0.542 0.925 0.551 0.556 0.630 0.857 0.205 0.199 0.073 0.342 0.110 0.908 0.397 0.747 0.939 0.527 0.384 0.624 0.596 0.341 0.071 0.090 0.848 0.336 0.461 0.427 0.538 0.304 0.381 0.620 0.366 0.407 0.519 0.470 0.791 0.474 0.300 0.211 0.279 0.301 0.287 0.338 0.719 0.210 0.464 0.093 0.182 0.676 0.376 0.087 0.811 0.869 0.207 0.418 0.816 0.988 0.525 0.549 0.547 0.305 0.807 0.170 0.069 0.861 0.308 0.877 0.635 0.218 0.817 0.555 0.643 0.875 0.961 0.672 0.623 0.507 0.932 0.036 0.871 0.832 0.807 0.598 0.385 0.597 0.137 0.780 0.577 0.251 0.212 0.441 0.146 0.538 0.414 0.822 0.116 0.357 0.053 0.135 0.021 0.249 0.928 0.000 0.979 0.839 0.796 0.357 0.792 0.011 0.042 0.455 0.701 0.563 0.094 0.065 0.858 0.021 0.254 0.077 0.727 0.510 0.306 0.047 0.975 0.399 0.256 0.864 0.127 0.399 0.242 0.236 0.556 0.579 0.163 0.980 0.244 0.452 0.930 0.971 0.756 0.761 0.259 0.717 0.561 0.475 0.948 0.839 0.534 0.535 0.310 0.400 0.176 0.300 0.531 0.725 0.868 0.037 0.021 0.309 0.727 0.246 0.484 0.460 0.380 0.675 0.794 0.613 0.855 0.755 0.839 0.978 0.300 0.547 0.128 0.861 0.887 0.984 0.715 0.069 0.862 0.804 0.356 0.451 0.959 0.828 0.855 0.653 0.593 0.138 0.935 0.962 0.480 0.111 0.584 0.658 0.220 0.909 0.008 0.267 0.526 0.055 0.156 0.890 0.664 0.996 0.154 0.595 0.224 0.950 0.282 0.254 0.378 0.924 0.273 0.868 0.681 0.279 0.393 0.704 0.966 0.325 0.220 0.413 0.437 0.442 0.203 0.907 0.815 0.786 0.661 0.910 0.058 0.658 0.320 0.706 0.338 0.689 0.669 0.553 0.413 0.703 0.064 0.198 0.574 0.403 0.164 0.583 0.473 0.359 0.158 0.349 0.233 0.321 0.185 0.095 0.040 0.991 0.905 0.101 0.004 0.179 0.216 0.049 0.906 0.165 0.104 0.709 0.293 0.894 0.212 0.215 0.775 0.131 0.863 0.316 0.762 0.725 0.170 0.873 0.360 0.191 0.675 0.111 0.551 0.060 0.452 0.286 0.603 0.563 0.904 0.447 0.220 0.431 0.688 0.812 0.742 0.256 0.287 0.997 0.796 0.916 0.522 0.827 0.150 0.910 0.721 0.547 0.426 0.893 0.877 0.000 0.248 0.800 0.453 0.140 0.852 0.048 0.712 0.132 0.021 0.272 0.997 0.174 0.362 0.872 0.093 0.164 0.351 0.169 0.366 0.279 0.446 0.102 0.869 0.731 0.488 0.278 0.989 0.868 0.325 0.824 0.794 0.578 0.796 0.703 0.865 0.564 0.461 0.956 0.045 0.278 0.308 0.522 0.016 0.692 0.939 0.765 0.783 0.004 0.274 0.244 0.541 0.264 0.165 0.209 0.644 0.727 0.168 0.857 0.998 0.747 0.719 0.281 0.579 0.620 0.268 0.187 0.549 0.376 0.150 0.349 0.784 0.462 0.498 0.878 0.768 0.761 0.005 0.359 0.933 0.796 0.431 0.855 0.785 0.016 0.157 0.869 0.747 0.763 0.699 0.873 0.566 0.970 0.519 0.352 0.535 0.336 0.000 0.254 0.056 0.014 0.013 0.411 0.678 0.323 0.336 0.903 0.642 0.150 0.966 0.940 0.874 0.411 0.573 0.631 0.013 0.639 0.047 0.833 0.714 0.567 0.838 0.744 0.244 0.472 0.524 0.044 0.698 0.242 0.274 0.861 0.761 0.525 0.154 0.073 0.154 0.192 0.716 0.887 0.039 0.158 0.917 0.962 0.521 0.930 0.310 0.028 0.655 0.973 0.179 0.254 0.205 0.405 0.480 0.581 0.968 0.828 0.433 0.051 0.827 0.974 0.090 0.078 0.010 0.014 0.936 0.739 0.714 0.667 0.984 0.735 0.130 0.559 0.135 0.396 0.551 0.738 0.404 0.850 0.078 0.059 0.378 0.016 0.367 0.514 0.531 0.215 0.432 0.082 0.517 0.795 0.758 0.792 0.023 0.881 0.760 0.693 0.948 0.334 0.374 0.243 0.608 0.432 0.065 0.874 0.954 0.191 0.619 0.019 0.768 0.957 0.325 0.601 0.665 0.184 0.486 0.837 0.868 0.457 0.094 0.617 0.971 0.159 0.522 0.093 0.903 0.970 0.254 0.926 0.337 0.460 0.274 0.274 0.678 0.027 0.205 0.681 0.831 0.817 0.462 0.891 0.172 0.505 0.861 0.419 0.851 0.297 0.368 0.458 0.955 0.260 0.357 0.855 0.257 0.174 0.073 0.935 0.863 0.813 0.008 0.672 0.707 0.405 0.919 0.250 0.361 0.831 0.517 0.453 0.304 0.628 0.276 0.059 0.526 0.653 0.515 0.384 0.544 0.868 0.230 0.122 0.333 0.802 0.484 0.690 0.987 0.319 0.961 0.445 0.486 0.255 0.476 0.025 0.377 0.569 0.655 0.259 0.066 0.361 0.504 0.031 0.466 0.951 0.518 0.521 0.626 0.526 0.560 0.329 0.149 0.291 0.313 0.592 0.434 0.315 0.167 0.168 0.361 0.609 0.107 0.143 0.978 0.328 0.412 0.217 0.907 0.601 0.556 0.446 0.182 0.751 0.215 0.419 0.955 0.880 0.798 0.159 0.223 0.314 0.228 0.450 0.911 0.685 0.132 0.500 0.626 0.228 0.869 0.446 0.145 0.999 0.819 0.590 0.598 0.771 0.225 0.160 0.359 0.517 0.179 0.477 0.984 0.734 0.481 0.503 0.472 0.218 0.680 0.638 0.319 0.228 0.381 0.093 0.121 0.671 0.321 0.048 0.847 0.995 0.574 0.218 0.364 0.478 0.479 0.439 0.583 0.805 0.010 0.108 0.444 0.322 0.535 0.944 0.711 0.414 0.618 0.480 0.179 0.825 0.309 0.012 0.681 0.929 0.333 0.658 0.656 0.731 0.891 0.401 0.092 0.875 0.964 0.543 0.906 0.867 0.991 0.677 0.290 0.346 0.080 0.417 0.894 0.835 0.241 0.401 0.768 0.609 0.047 0.219 0.876 0.943 0.582 0.307 0.698 0.350 0.772 0.455 0.364 0.901 0.821 0.331 0.423 0.815 0.799 0.982 0.764 0.471 0.178 0.689 0.843 0.681 0.882 0.099 0.750 0.406 0.420 0.888 0.692 0.151 0.997 0.182 0.266 0.974 0.144 0.685 0.013 0.659 0.823 0.273 0.308 0.688 0.307 0.835 0.552 0.541 0.122 0.184 0.512 0.945 0.567 0.031 0.775 0.157 0.183 0.210 0.179 0.924 0.860 0.114 0.986 0.428 0.936 0.286 0.080 0.994 0.248 0.886 0.198 0.036 0.751 0.574 0.352 0.183 0.864 0.294 0.154 0.267 0.443 0.189 0.249 0.910 0.440 0.603 0.318 0.121 0.870 0.293 0.671 0.190 0.263 0.541 0.611 0.625 0.467 0.105 0.538 0.944 0.574 0.732 0.658 0.741 0.395 0.915 0.905 0.615 0.824 0.623 0.017 0.792 0.681 0.908 0.966 0.348 0.974 0.481 0.839 0.569 0.259 0.452 0.761 0.722 0.330 0.089 0.432 0.735 0.942 0.853 0.126 0.551 0.427 0.916 0.576 0.050 0.595 0.165 0.939 0.585 0.398 0.415 0.987 0.489 0.868 0.184 0.581 0.782 0.233 0.641 0.170 0.190 0.434 0.522 0.484 0.186 0.996 0.695 0.802 0.908 0.639 0.488 0.673 0.734 0.051 0.614 0.199 0.113 0.216 0.146 0.776 0.810 0.172 0.551 0.253 0.415 0.345 0.153 0.170 0.832 0.936 0.480 0.910 0.122 0.030 0.635 0.289 0.475 0.854 0.427 0.783 0.598 0.216 0.748 0.978 0.064 0.199 0.738 0.944 0.117 0.175 0.936 0.849 0.039 0.510 0.510 0.705 0.589 0.233 0.214 0.098 0.345 0.390 0.483 0.754 0.794 0.114 0.207 0.268 0.854 0.673 0.047 0.842 0.243 0.958 0.563 0.192 0.113 0.059 0.181 0.270 0.061 0.609 0.482 0.254 0.334 0.572 0.648 0.891 0.613 0.309 0.819 0.569 0.204 0.880 0.520 0.591 0.263 0.687 0.793 0.037 0.065 0.459 0.486 0.566 0.054 0.348 0.420 0.270 0.437 0.423 0.892 0.918 0.270 0.628 0.048 0.483 0.907 0.850 0.261 0.246 0.155 0.320 0.618 0.588 0.729 0.841 0.225 0.835 0.499 0.383 0.282 0.595 0.728 0.418 0.104 0.649 0.831 0.114 0.116 0.407 0.988 0.506 0.833 0.399 0.070 0.401 0.475 0.602 0.735 0.685 0.012 0.248 0.650 0.672 0.902 0.062 0.275 0.957 0.373 0.701 0.433 0.301 0.593 0.709 0.581 0.386 0.481 0.165 0.762 0.599 0.519 0.426 0.114 0.996 0.889 0.888 0.720 0.999 0.768 0.520 0.369 0.878 0.640 0.103 0.058 0.406 0.497 0.069 0.323 0.772 0.945 0.148 0.147 0.073 0.609 0.611 0.035 0.041 0.684 0.169 0.364 0.854 0.196 0.553 0.556 0.868 0.287 0.781 0.011 0.925 0.404 0.976 0.718 0.377 0.937 0.443 0.499 0.082 0.151 0.888 0.687 0.757 0.039 0.791 0.807 0.302 0.810 0.703 0.799 0.724 0.563 0.694 0.566 0.593 0.636 0.518 0.674 0.629 0.218 0.726 0.606 0.745 0.954 0.337 0.387 0.558 0.384 0.215 0.050 0.109 0.785 0.402 0.217 0.196 0.107 0.337 0.610 0.918 0.690 0.999 0.365 0.916 0.723 0.599 0.799 0.740 0.920 0.169 0.748 0.839 0.879 0.914 0.758 0.608 0.968 0.718 0.566 0.290 0.806 0.619 0.896 0.682 0.076 0.010 0.429 0.120 0.974 0.069 0.800 0.884 0.320 0.560 0.871 0.953 0.618 0.360 0.186 0.358 0.433 0.541 0.291 0.545 0.486 0.314 0.943 0.761 0.702 0.572 0.457 0.150 0.158 0.821 0.317 0.764 0.117 0.912 0.735 0.118 0.967 0.814 0.339 0.370 0.315 0.222 0.971 0.694 0.444 0.391 0.506 0.605 0.130 0.840 0.324 0.480 0.381 0.446 0.731 0.107 0.635 0.740 0.466 0.258 0.797 0.884 0.320 0.549 0.619 0.383 0.466 0.265 0.553 0.423 0.243 0.545 0.097 0.532 0.445 0.329 0.989 0.851 0.877 0.372 0.198 0.487 0.976 0.772 0.184 0.353 0.787 0.419 0.338 0.341 0.644 0.734 0.673 0.891 0.120 0.869 0.582 0.849 0.758 0.085 0.765 0.301 0.884 0.114 0.922 0.643 0.711 0.354 0.660 0.007 0.976 0.653 0.614 0.196 0.974 0.866 0.810 0.672 0.383 0.317 0.846 0.547 0.051 0.313 0.827 0.334 0.810 0.299 0.791 0.849 0.454 
ofv: 45.000000
Best time: 25.550
Total time:30.310 


Instance: ..\Instances\sunderland.txt
RKO: PSO | PSO | PSO | PSO | 
Sol: 0.070 0.656 0.500 0.588 0.598 0.438 0.713 0.943 0.273 0.262 0.604 0.516 0.536 0.900 0.103 0.733 0.062 0.055 0.484 0.241 0.182 0.952 0.367 0.687 0.497 0.821 0.002 0.773 0.785 0.100 0.387 0.385 0.135 0.376 0.720 0.667 0.087 0.965 0.757 0.904 0.590 0.800 0.179 0.395 0.139 0.032 0.949 0.434 0.356 0.246 0.771 0.441 0.048 0.022 0.956 0.703 0.339 0.818 0.818 0.094 0.362 0.845 0.256 0.461 0.129 0.233 0.349 0.381 0.955 0.890 0.123 0.640 0.269 0.812 0.895 0.549 0.135 0.823 0.878 0.988 0.524 0.259 0.061 0.001 0.710 0.752 0.696 0.576 0.953 0.494 0.453 0.265 0.468 0.725 0.815 0.028 0.013 0.760 0.359 0.811 0.780 0.823 0.773 0.318 0.675 0.165 0.254 0.932 0.623 0.885 0.619 0.058 0.602 0.207 0.080 0.492 0.183 0.892 0.032 0.626 0.442 0.004 0.783 0.606 0.712 0.826 0.967 0.345 0.332 0.127 0.315 0.297 0.117 0.404 0.004 0.953 0.604 0.210 0.462 0.033 0.778 0.668 0.637 0.574 0.958 0.143 0.249 0.212 0.138 0.512 0.933 0.264 0.192 0.567 0.418 0.037 0.039 0.199 0.075 0.020 0.306 0.326 0.351 0.509 0.968 0.148 0.178 0.752 0.767 0.832 0.199 0.701 0.914 0.451 0.222 0.912 0.104 0.055 0.468 0.689 0.031 0.377 0.067 0.289 0.082 0.257 0.344 0.966 0.967 0.041 0.952 0.140 0.798 0.075 0.783 0.914 0.433 0.816 0.526 0.639 0.074 0.294 0.510 0.642 0.582 0.068 0.180 0.426 0.423 0.733 0.263 0.349 0.584 0.322 0.581 0.493 0.700 0.074 0.566 0.140 0.686 0.218 0.871 0.403 0.653 0.945 0.104 0.790 0.986 0.918 0.068 0.479 0.674 0.800 0.417 0.931 0.213 0.115 0.587 0.366 0.242 0.869 0.738 0.110 0.776 0.070 0.170 0.330 0.532 0.485 0.121 0.625 0.599 0.810 0.098 0.610 0.086 0.023 0.873 0.128 0.964 0.141 0.571 0.755 0.389 0.035 0.792 0.744 0.623 0.977 0.476 0.116 0.574 0.779 0.852 0.742 0.874 0.530 0.823 0.070 0.065 0.865 0.549 0.709 0.001 0.777 0.540 0.032 0.153 0.072 0.536 0.314 0.554 0.518 0.951 0.077 0.923 0.475 0.452 0.102 0.504 0.254 0.170 0.590 0.072 0.857 0.481 0.085 0.466 0.340 0.748 0.001 0.393 0.920 0.274 0.539 0.563 0.261 0.385 0.164 0.509 0.252 0.089 0.252 0.637 0.917 0.753 0.106 0.876 0.729 0.329 0.825 0.347 0.562 0.885 0.032 0.656 0.481 0.152 0.704 0.227 0.772 0.778 0.679 0.159 0.088 0.046 0.923 0.252 0.551 0.333 0.656 0.532 0.339 0.465 0.620 0.407 0.110 0.405 0.800 0.920 0.061 0.713 0.932 0.755 0.697 0.910 0.095 0.874 0.136 0.629 0.002 0.205 0.684 0.728 0.803 0.453 0.468 0.720 0.141 0.513 0.216 0.477 0.969 0.098 0.583 0.523 0.732 0.278 0.354 0.794 0.674 0.251 0.758 0.874 0.347 0.090 0.951 0.812 0.430 0.729 0.805 0.079 0.446 0.261 0.719 0.525 0.096 0.410 0.692 0.154 0.008 0.760 0.759 0.210 0.107 0.158 0.454 0.288 0.996 0.536 0.012 0.818 0.792 0.245 0.633 0.697 0.248 0.291 0.019 0.775 0.000 0.717 0.516 0.532 0.970 0.714 0.808 0.704 0.012 0.463 0.620 0.049 0.623 0.600 0.006 0.918 0.759 0.531 0.349 0.929 0.761 0.707 0.934 0.415 0.546 0.506 0.332 0.186 0.555 0.384 0.021 0.862 0.372 0.883 0.434 0.361 0.441 0.598 0.391 0.036 0.806 0.194 0.391 0.803 0.901 0.898 0.554 0.014 0.006 0.639 0.306 0.433 0.368 0.956 0.617 0.074 0.576 0.658 0.160 0.197 0.121 0.037 0.775 0.402 0.233 0.318 0.630 0.809 0.635 0.998 0.519 0.810 0.071 0.113 0.451 0.831 0.064 0.802 0.508 0.212 0.693 0.758 0.334 0.141 0.213 0.096 0.113 0.459 0.813 0.666 0.553 0.019 0.156 0.932 0.895 0.548 0.569 0.688 0.657 0.138 0.308 0.114 0.016 0.215 0.717 0.936 0.237 0.114 0.348 0.521 0.500 0.115 0.844 0.576 0.874 0.502 0.059 0.880 0.732 0.825 0.922 0.272 0.473 0.604 0.710 0.692 0.008 0.919 0.621 0.356 0.635 0.422 0.824 0.916 0.173 0.118 0.172 0.909 0.537 0.735 0.106 0.694 0.390 0.709 0.650 0.152 0.753 0.223 0.278 0.960 0.899 0.813 0.000 0.525 0.188 0.003 0.432 0.946 0.426 0.239 0.024 0.212 0.756 0.324 0.229 0.514 0.482 0.512 0.012 0.254 0.449 0.180 0.468 0.797 0.203 0.452 0.936 0.589 0.734 0.170 0.565 0.763 0.089 0.031 0.353 0.881 0.990 0.368 0.189 0.894 0.133 0.655 0.084 0.450 0.521 0.577 0.636 0.558 0.276 0.019 0.272 0.136 0.204 0.575 0.761 0.717 0.791 0.853 0.023 0.783 0.864 0.434 0.116 0.708 0.515 0.097 0.700 0.394 0.963 0.789 0.244 0.422 0.342 0.985 0.376 0.900 0.935 0.356 0.885 0.847 0.640 0.031 0.234 0.369 0.867 0.477 0.247 0.225 0.564 0.510 0.747 0.474 0.180 0.025 0.114 0.092 0.709 0.098 0.555 0.616 0.290 0.973 0.462 0.523 0.958 0.235 0.807 0.067 0.192 0.596 0.276 0.174 0.545 0.818 0.429 0.587 0.551 0.484 0.941 0.649 0.889 0.454 0.523 0.794 0.698 0.820 0.188 0.524 0.342 0.151 0.193 0.790 0.472 0.457 0.380 0.968 0.876 0.610 0.516 0.068 0.255 0.691 0.621 0.624 0.534 0.937 0.189 0.477 0.664 0.475 0.930 0.106 0.715 0.045 0.277 0.496 0.490 0.362 0.974 0.900 0.786 0.802 0.048 0.418 0.804 0.956 0.946 0.213 0.988 0.368 0.216 0.256 0.742 0.820 0.387 0.403 0.752 0.990 0.776 0.203 0.943 0.455 0.723 0.539 0.794 0.400 0.663 0.737 0.099 0.407 0.347 0.612 0.255 0.482 0.639 0.876 0.193 0.702 0.616 0.301 0.183 0.426 0.826 0.680 0.781 0.087 0.044 0.916 0.878 0.916 0.060 0.759 0.384 0.217 0.924 0.104 0.947 0.617 0.458 0.061 0.685 0.654 0.683 0.078 0.945 0.782 0.234 0.317 0.188 0.889 0.249 0.721 0.784 0.750 0.905 0.896 0.718 0.499 0.974 0.991 0.799 0.342 0.758 0.382 0.163 0.324 0.715 0.783 0.221 0.646 0.465 0.062 0.829 0.828 0.347 0.722 0.728 0.509 0.881 0.387 0.136 0.162 0.585 0.821 0.699 0.578 0.285 0.400 0.999 0.365 0.965 0.461 0.176 0.488 0.716 0.713 0.738 0.519 0.695 0.257 0.756 0.262 0.339 0.174 0.470 0.679 0.394 0.986 0.592 0.172 0.741 0.155 0.469 0.188 0.635 0.322 0.943 0.071 0.989 0.482 0.851 0.166 0.172 0.909 0.375 0.875 0.403 0.451 0.607 0.356 0.432 0.997 0.551 0.535 0.522 0.233 0.169 0.443 0.866 0.797 0.285 0.536 0.429 0.994 0.145 0.775 0.096 0.938 0.176 0.386 0.079 0.271 0.440 0.324 0.854 0.209 0.764 0.225 0.930 0.073 0.980 0.953 0.692 0.268 0.992 0.408 0.393 0.303 0.408 0.802 0.047 0.456 0.108 0.497 0.990 0.549 0.588 0.948 0.615 0.512 0.630 0.860 0.864 0.819 0.268 0.844 0.079 0.393 0.443 0.206 0.486 0.689 0.762 0.596 0.209 0.653 0.512 0.279 0.075 0.142 0.476 0.486 0.313 0.540 0.635 0.762 0.453 0.979 0.290 0.765 0.217 0.051 0.386 0.115 0.428 0.723 0.620 0.392 0.152 0.906 0.747 0.184 0.427 0.371 0.331 0.804 0.890 0.048 0.607 0.179 0.253 0.725 0.797 0.711 0.169 0.649 0.317 0.824 0.870 0.271 0.957 0.942 0.645 0.029 0.516 0.504 0.230 0.560 0.251 0.676 0.978 0.688 0.892 0.319 0.354 0.042 0.642 0.885 0.273 0.138 0.074 0.740 0.294 0.714 0.591 0.217 0.941 0.394 0.091 0.068 0.185 0.763 0.619 0.952 0.240 0.807 0.210 0.955 0.221 0.846 0.542 0.098 0.580 0.853 0.387 0.160 0.810 0.728 0.665 0.401 0.134 0.502 0.195 0.762 0.772 0.313 0.284 0.294 0.657 0.871 0.811 0.815 0.037 0.024 0.326 0.439 0.625 0.496 0.991 0.180 0.064 0.829 0.289 0.917 0.287 0.097 0.733 0.727 0.556 0.969 0.359 0.096 0.476 0.981 0.762 0.328 0.972 0.791 0.693 0.247 0.807 0.816 0.553 0.431 0.538 0.775 0.680 0.226 0.496 0.160 0.221 0.897 0.812 0.156 0.571 0.709 0.744 0.811 0.827 0.665 0.666 0.995 0.872 0.279 0.702 0.701 0.842 0.595 0.250 0.406 0.560 0.115 0.987 0.600 0.758 0.877 0.134 0.313 0.850 0.970 0.907 0.459 0.493 0.302 0.981 0.812 0.832 0.556 0.274 0.586 0.228 0.430 0.243 0.802 0.317 0.328 0.874 0.720 0.901 0.286 0.239 0.444 0.400 0.965 0.036 0.072 0.434 0.344 0.557 0.776 0.539 0.519 0.817 0.205 0.059 0.680 0.813 0.594 0.462 0.703 0.841 0.261 0.471 0.860 0.041 0.736 0.972 0.426 0.446 0.987 0.809 0.139 0.283 0.105 0.844 0.749 0.084 0.807 0.669 0.465 0.845 0.362 0.514 0.159 0.677 0.859 0.295 0.090 0.851 0.447 0.211 0.211 0.076 0.182 0.047 0.321 0.801 0.792 0.188 0.481 0.894 0.149 0.957 0.641 0.210 0.358 0.113 0.854 0.374 0.277 0.589 0.735 0.508 0.064 0.189 0.107 0.880 0.996 0.359 0.774 0.980 0.782 0.802 0.632 0.156 0.139 0.893 0.709 0.341 0.954 0.840 0.953 0.884 0.336 0.159 0.877 0.143 0.570 0.137 0.998 0.745 0.534 0.647 0.944 0.412 0.671 0.301 0.978 0.931 0.847 0.271 0.944 0.150 0.231 0.728 0.546 0.808 0.812 0.405 0.744 0.618 0.551 0.453 0.782 0.058 0.335 0.409 0.475 0.203 0.833 0.619 0.649 0.976 0.285 0.958 0.380 0.190 0.421 0.467 0.585 0.832 0.478 0.457 0.219 0.434 0.826 0.846 0.774 0.616 0.834 0.737 0.359 0.945 0.427 0.286 0.767 0.338 0.916 0.530 0.449 0.130 0.505 0.220 0.715 0.570 0.484 0.087 0.055 0.213 0.409 0.854 0.438 0.491 0.620 0.666 0.841 0.126 0.516 0.043 0.977 0.706 0.152 0.123 0.994 0.285 0.260 0.011 0.571 0.816 0.692 0.711 0.157 0.401 0.252 0.279 
ofv: 46.000000
Best time: 23.227
Total time:30.267 


Instance: ..\Instances\york.txt
RKO: GA | GA | GA | GA | 
Sol: 0.731 0.021 0.037 0.920 0.851 0.713 0.070 0.225 0.017 0.858 0.988 0.075 0.852 0.550 0.145 0.631 0.064 0.519 0.032 0.857 0.695 0.402 0.033 0.680 0.518 0.100 0.033 0.978 0.759 0.205 0.217 0.168 0.895 0.010 0.529 0.966 0.807 0.786 0.570 0.146 0.811 0.208 0.681 0.531 0.770 0.400 0.145 0.450 0.760 0.720 0.005 0.318 0.885 0.775 0.578 0.661 0.758 0.313 0.594 0.218 0.983 0.686 0.156 0.046 0.218 0.944 0.043 0.621 0.980 0.329 0.033 0.016 0.458 0.510 0.242 0.423 0.760 0.037 0.632 0.246 0.134 0.186 0.633 0.696 0.568 0.696 0.057 0.641 0.562 0.482 0.264 0.440 0.219 0.422 0.300 0.655 0.737 0.146 0.029 0.013 0.476 0.951 0.019 0.405 0.635 0.579 0.007 0.301 0.382 0.411 0.303 0.696 0.036 0.720 0.189 0.556 0.881 0.475 0.895 0.422 0.520 0.353 0.072 0.799 0.322 0.009 0.763 0.072 0.041 0.390 0.450 0.694 0.793 0.708 0.961 0.988 0.068 0.234 0.495 0.347 0.611 0.477 0.843 0.379 0.058 0.594 0.789 0.670 0.076 0.284 0.591 0.334 0.149 0.990 0.249 0.077 0.697 0.272 0.034 0.164 0.986 0.001 0.009 0.433 0.003 0.963 0.316 0.912 0.114 0.018 0.092 0.905 0.619 0.098 0.987 0.452 0.397 0.039 0.987 0.755 0.844 0.021 0.947 0.353 0.198 0.221 0.102 0.823 0.042 0.884 0.621 0.941 0.989 0.572 0.166 0.373 0.110 0.733 0.380 0.937 0.855 0.116 0.894 0.002 0.160 0.570 0.531 0.636 0.366 0.131 0.765 0.386 0.687 0.734 0.448 0.646 0.488 0.559 0.799 0.992 0.040 0.485 0.871 0.529 0.400 0.811 0.053 0.106 0.256 0.005 0.875 0.512 0.420 0.781 0.495 0.695 0.217 0.480 0.770 0.202 0.668 0.047 0.536 0.574 0.464 0.712 0.052 0.437 0.091 0.348 0.059 0.727 0.255 0.666 0.287 0.400 0.951 0.806 0.097 0.459 0.745 0.927 0.089 0.052 0.537 0.119 0.357 0.717 0.999 0.027 0.782 0.257 0.962 0.436 0.180 0.589 0.604 0.570 0.261 0.439 0.837 0.056 0.694 0.315 0.017 0.316 0.202 0.014 0.543 0.288 0.475 0.005 0.633 0.515 0.290 0.536 0.192 0.794 0.794 0.902 0.595 0.800 0.160 0.667 0.966 0.830 0.383 0.424 0.011 0.959 0.680 0.177 0.170 0.587 0.671 0.711 0.589 0.974 0.834 0.696 0.313 0.697 0.847 0.009 0.286 0.898 0.136 0.876 0.558 0.014 0.163 0.728 0.001 0.537 0.948 0.645 0.660 0.009 0.837 0.203 0.890 0.220 0.227 0.153 0.818 0.492 0.671 0.872 0.119 0.511 0.397 0.090 0.303 0.330 0.164 0.053 0.394 0.529 0.483 0.682 0.429 0.099 0.226 0.816 0.734 0.653 0.219 0.929 0.169 0.007 0.765 0.418 0.778 0.093 0.006 0.891 0.195 0.165 0.019 0.362 0.258 0.186 0.101 0.364 0.085 0.012 0.853 0.090 0.012 0.455 0.409 0.115 0.136 0.773 0.365 0.408 0.028 0.313 0.931 0.079 0.559 0.217 0.197 0.875 0.034 0.235 0.061 0.554 0.905 0.268 0.136 0.293 0.594 0.210 0.780 0.298 0.634 0.055 0.236 0.594 0.403 0.204 0.080 0.192 0.362 0.354 0.249 0.842 0.723 0.792 0.218 0.775 0.832 0.726 0.547 0.391 0.379 0.629 0.861 0.416 0.600 0.659 0.070 0.550 0.673 0.290 0.850 0.322 0.008 0.920 0.606 0.256 0.622 0.352 0.990 0.059 0.986 0.480 0.583 0.225 0.177 0.575 0.790 0.118 0.691 0.302 0.485 0.629 0.434 0.750 0.319 0.230 0.087 0.309 0.910 0.875 0.717 0.872 0.022 0.865 0.714 0.062 0.083 0.817 0.768 0.533 0.514 0.035 0.832 0.054 0.997 0.175 0.468 0.423 0.697 0.518 0.876 0.438 0.851 0.355 0.731 0.732 0.916 0.955 0.164 0.574 0.300 0.544 0.643 0.520 0.470 0.956 0.966 0.677 0.431 0.183 0.428 0.855 0.722 0.418 0.357 0.753 0.220 0.215 0.955 0.817 0.558 0.619 0.523 0.252 0.188 0.462 0.615 0.215 0.025 0.454 0.335 0.263 0.601 0.424 0.750 0.710 0.251 0.516 0.566 0.359 0.118 0.615 0.971 0.619 0.137 0.513 0.492 0.767 0.637 0.343 0.273 0.682 0.927 0.877 0.187 0.491 0.643 0.460 0.034 0.353 0.180 0.305 0.085 0.864 0.742 0.080 0.595 0.920 0.637 0.895 0.362 0.518 0.800 0.106 0.987 0.860 0.842 0.417 0.363 0.113 0.585 0.450 0.673 0.032 0.133 0.118 0.289 0.322 0.346 0.700 0.195 0.039 0.768 0.678 0.663 0.758 0.626 0.491 0.374 0.152 0.664 0.407 0.284 0.064 0.891 0.964 0.457 0.047 0.444 0.663 0.686 0.613 0.159 0.613 0.429 0.536 0.202 0.741 0.129 0.557 0.580 0.329 0.308 0.283 0.697 0.888 0.119 0.131 0.129 0.133 0.367 0.354 0.406 0.461 0.728 0.776 0.152 0.315 0.412 0.838 0.268 0.805 0.232 0.039 0.875 0.691 0.706 0.506 0.844 0.041 0.142 0.825 0.448 0.198 0.480 0.718 0.178 0.900 0.300 0.328 0.608 0.982 0.131 0.707 0.902 0.572 0.133 0.311 0.699 0.476 0.337 0.268 0.337 0.912 0.016 0.192 0.795 0.146 0.427 0.609 0.099 0.284 0.578 0.744 0.945 0.549 0.124 0.863 0.225 0.634 0.744 0.902 0.694 0.540 0.981 0.515 0.150 0.322 0.600 0.050 0.428 0.202 0.564 0.377 0.017 0.393 0.160 0.173 0.786 0.548 0.671 0.612 0.117 0.420 0.223 0.795 0.744 0.855 0.676 0.519 0.127 0.394 0.773 0.669 0.910 0.318 0.337 0.929 0.363 0.069 0.927 0.263 0.786 0.807 0.412 0.777 0.255 0.835 0.265 0.356 0.027 0.855 0.641 0.805 0.044 0.535 0.217 0.380 0.540 0.441 0.287 0.165 0.073 0.426 0.128 0.110 0.543 0.055 0.931 0.381 0.400 0.820 0.796 0.237 0.733 0.054 0.302 0.783 0.964 0.328 0.202 0.070 0.404 0.256 0.082 0.818 0.577 0.736 0.064 0.198 0.382 0.882 0.667 0.737 0.471 0.605 0.748 0.059 0.922 0.613 0.350 0.649 0.303 0.259 0.538 0.533 0.240 0.638 0.199 0.420 0.400 0.273 0.302 0.305 0.142 0.623 0.915 0.511 0.974 0.756 0.543 0.324 0.080 0.259 0.954 0.256 0.581 0.960 0.209 0.255 0.852 0.523 0.698 0.970 0.873 0.202 0.058 0.178 0.085 0.497 0.969 0.508 0.248 0.467 0.739 0.314 0.663 0.908 0.341 0.670 0.561 0.160 0.979 0.441 0.088 0.867 0.266 0.577 0.991 0.700 0.766 0.979 0.286 0.994 0.083 0.364 0.706 0.579 0.583 0.839 0.894 0.803 0.827 0.409 0.393 0.133 0.829 0.436 0.047 0.292 0.010 0.977 0.893 0.136 0.966 0.413 0.945 0.857 0.916 0.528 0.555 0.115 0.135 0.557 0.072 0.498 0.759 0.080 0.748 0.338 0.603 0.038 0.167 0.284 0.342 0.008 0.312 0.169 0.020 0.562 0.692 0.068 0.270 0.849 0.083 0.158 0.973 0.083 0.321 0.122 0.956 0.832 0.127 0.317 0.704 0.155 0.929 0.075 0.162 0.712 0.356 0.931 0.079 0.368 0.350 0.329 0.903 0.568 0.834 0.375 0.287 0.703 0.755 0.899 0.680 0.692 0.211 0.934 0.783 0.358 0.957 0.912 0.037 0.400 0.099 0.862 0.189 0.920 0.482 0.425 0.589 0.841 0.722 0.251 0.976 0.943 0.543 0.770 0.202 0.477 0.252 0.121 0.574 0.806 0.165 0.654 0.324 0.906 0.803 0.234 0.118 0.866 0.145 0.690 0.425 0.814 0.722 0.674 0.138 0.435 0.442 0.293 0.217 0.386 0.192 0.374 0.412 0.711 0.302 0.302 0.906 0.963 0.108 0.768 0.753 0.868 0.235 0.578 0.390 0.957 0.450 0.716 0.963 0.756 0.696 0.644 0.204 0.949 0.376 0.930 0.097 0.367 0.142 0.631 0.412 0.956 0.801 0.088 0.920 0.390 0.987 0.065 0.950 0.392 0.146 0.688 0.746 0.374 0.190 0.978 0.715 0.776 0.588 0.429 0.391 0.128 0.841 0.983 
ofv: 45.000000
Best time: 19.613
Total time:30.242 


Instance: ..\Instances\york.txt
RKO: SA | SA | SA | SA | 
Sol: 0.774 0.695 0.102 0.286 0.012 0.851 0.763 0.330 0.296 0.595 0.504 0.029 0.373 0.080 0.756 0.762 0.322 0.183 0.278 0.533 0.500 0.473 0.920 0.126 0.703 0.568 0.678 0.422 0.933 0.315 0.053 0.367 0.236 0.037 0.761 0.660 0.306 0.627 0.558 0.604 0.532 0.057 0.466 0.443 0.019 0.696 0.245 0.144 0.433 0.836 0.001 0.522 0.345 0.951 0.868 0.438 0.660 0.255 0.599 0.528 0.577 0.892 0.137 0.532 0.332 0.264 0.377 0.767 0.630 0.639 0.059 0.050 0.021 0.025 0.938 0.060 0.400 0.671 0.524 0.388 0.125 0.310 0.615 0.448 0.393 0.010 0.888 0.810 0.120 0.507 0.427 0.507 0.591 0.791 0.675 0.690 0.105 0.809 0.517 0.350 0.905 0.474 0.781 0.221 0.106 0.059 0.449 0.412 0.003 0.944 0.031 0.798 0.787 0.204 0.204 0.292 0.266 0.817 0.532 0.395 0.845 0.117 0.365 0.019 0.213 0.292 0.255 0.092 0.509 0.036 0.637 0.427 0.501 0.767 0.768 0.353 0.283 0.065 0.917 0.448 0.905 0.645 0.448 0.468 0.274 0.177 0.764 0.954 0.922 0.897 0.160 0.292 0.709 0.823 0.942 0.383 0.791 0.403 0.073 0.090 0.439 0.050 0.772 0.351 0.171 0.427 0.183 0.976 0.710 0.020 0.208 0.370 0.438 0.708 0.253 0.929 0.009 0.509 0.965 0.002 0.867 0.755 0.978 0.169 0.330 0.887 0.033 0.277 0.640 0.332 0.524 0.374 0.266 0.861 0.803 0.849 0.608 0.476 0.252 0.459 0.521 0.599 0.418 0.159 0.756 0.733 0.596 0.187 0.128 0.632 0.420 0.771 0.906 0.177 0.877 0.845 0.539 0.673 0.787 0.741 0.773 0.719 0.361 0.774 0.187 0.154 0.361 0.565 0.270 0.084 0.302 0.476 0.736 0.023 0.502 0.682 0.242 0.358 0.052 0.770 0.328 0.838 0.342 0.089 0.006 0.585 0.740 0.922 0.884 0.432 0.358 0.956 0.061 0.092 0.750 0.264 0.039 0.229 0.122 0.878 0.018 0.539 0.915 0.900 0.200 0.803 0.709 0.209 0.079 0.947 0.357 0.134 0.913 0.352 0.695 0.587 0.487 0.516 0.269 0.165 0.009 0.785 0.361 0.164 0.066 0.487 0.906 0.036 0.180 0.998 0.012 0.752 0.139 0.988 0.312 0.068 0.014 0.198 0.059 0.039 0.161 0.436 0.849 0.264 0.609 0.132 0.377 0.121 0.980 0.362 0.903 0.238 0.858 0.489 0.397 0.976 0.147 0.033 0.469 0.753 0.854 0.496 0.934 0.869 0.291 0.486 0.583 0.753 0.765 0.830 0.083 0.073 0.010 0.077 0.046 0.617 0.913 0.995 0.963 0.237 0.454 0.881 0.350 0.941 0.006 0.267 0.629 0.224 0.907 0.894 0.379 0.760 0.081 0.872 0.028 0.321 0.221 0.165 0.809 0.249 0.225 0.087 0.201 0.809 0.431 0.121 0.954 0.431 0.092 0.037 0.011 0.993 0.537 0.768 0.654 0.084 0.938 0.595 0.657 0.450 0.138 0.620 0.987 0.794 0.422 0.426 0.409 0.719 0.051 0.796 0.837 0.723 0.185 0.682 0.629 0.806 0.614 0.926 0.067 0.902 0.714 0.167 0.613 0.029 0.708 0.033 0.745 0.015 0.438 0.854 0.895 0.884 0.730 0.691 0.491 0.824 0.817 0.777 0.049 0.753 0.632 0.523 0.815 0.981 0.461 0.737 0.116 0.191 0.671 0.678 0.003 0.673 0.011 0.720 0.265 0.289 0.491 0.545 0.459 0.254 0.167 0.654 0.895 0.420 0.125 0.330 0.085 0.378 0.568 0.178 0.243 0.398 0.604 0.177 0.540 0.307 0.046 0.765 0.718 0.179 0.049 0.416 0.750 0.773 0.445 0.009 0.295 0.422 0.578 0.722 0.126 0.408 0.228 0.807 0.480 0.005 0.052 0.016 0.003 0.362 0.268 0.917 0.290 0.235 0.348 0.328 0.212 0.150 0.040 0.231 0.787 0.076 0.007 0.353 0.128 0.999 0.307 0.496 0.715 0.036 0.611 0.801 0.833 0.986 0.391 0.297 0.983 0.175 0.470 0.224 0.530 0.145 0.478 0.698 0.467 0.613 0.850 0.179 0.734 0.216 0.769 0.212 0.962 0.988 0.169 0.199 0.634 0.824 0.214 0.022 0.662 0.775 0.135 0.709 0.489 0.557 0.347 0.864 0.673 0.476 0.885 0.559 0.168 0.055 0.201 0.076 0.805 0.830 0.789 0.828 0.603 0.811 0.503 0.792 0.965 0.492 0.672 0.537 0.091 0.899 0.875 0.686 0.349 0.533 0.726 0.681 0.371 0.184 0.446 0.285 0.933 0.072 0.493 0.811 0.378 0.038 0.728 0.114 0.938 0.130 0.539 0.402 0.326 0.134 0.397 0.756 0.710 0.877 0.681 0.760 0.473 0.523 0.736 0.593 0.930 0.081 0.541 0.883 0.289 0.106 0.850 0.776 0.723 0.891 0.282 0.985 0.874 0.887 0.083 0.789 0.386 0.430 0.147 0.040 0.950 0.788 0.308 0.793 0.176 0.397 0.839 0.920 0.405 0.633 0.115 0.250 0.588 0.775 0.166 0.453 0.702 0.742 0.237 0.631 0.064 0.363 0.266 0.627 0.987 0.143 0.683 0.388 0.197 0.542 0.942 0.819 0.930 0.639 0.923 0.982 0.148 0.689 0.928 0.151 0.114 0.212 0.067 0.153 0.396 0.960 0.836 0.186 0.802 0.554 0.452 0.228 0.522 0.478 0.444 0.069 0.773 0.249 0.517 0.897 0.768 0.793 0.569 0.374 0.129 0.389 0.546 0.713 0.841 0.726 0.873 0.987 0.685 0.925 0.033 0.940 0.192 0.097 0.197 0.240 0.837 0.919 0.911 0.755 0.739 0.125 0.543 0.976 0.439 0.483 0.308 0.312 0.624 0.901 0.711 0.051 0.425 0.791 0.092 0.621 0.562 0.177 0.777 0.966 0.531 0.902 0.229 0.539 0.847 0.354 0.125 0.781 0.889 0.699 0.305 0.374 0.035 0.562 0.601 0.989 0.374 0.710 0.137 0.465 0.136 0.361 0.256 0.245 0.014 0.285 0.174 0.481 0.569 0.896 0.636 0.679 0.364 0.822 0.551 0.239 0.604 0.044 0.616 0.291 0.409 0.886 0.681 0.762 0.478 0.884 0.552 0.672 0.526 0.633 0.454 0.943 0.331 0.833 0.489 0.779 0.648 0.829 0.101 0.400 0.081 0.643 0.858 0.693 0.605 0.521 0.501 0.588 0.142 0.061 0.655 0.213 0.773 0.024 0.553 0.128 0.609 0.736 0.320 0.071 0.106 0.184 0.433 0.029 0.705 0.618 0.349 0.120 0.668 0.923 0.267 0.867 0.465 0.496 0.942 0.866 0.935 0.878 0.423 0.335 0.320 0.311 0.924 0.911 0.132 0.797 0.718 0.487 0.288 0.431 0.917 0.124 0.707 0.064 0.261 0.590 0.395 0.733 0.431 0.834 0.022 0.428 0.314 0.662 0.662 0.081 0.015 0.177 0.464 0.843 0.876 0.012 0.182 0.641 0.138 0.850 0.421 0.369 0.984 0.547 0.322 0.416 0.185 0.820 0.820 0.967 0.470 0.438 0.377 0.852 0.128 0.888 0.443 0.322 0.337 0.871 0.289 0.099 0.099 0.952 0.180 0.604 0.936 0.899 0.981 0.721 0.639 0.113 0.543 0.306 0.858 0.113 0.092 0.934 0.633 0.215 0.354 0.473 0.253 0.915 0.386 0.416 0.211 0.740 0.994 0.799 0.718 0.590 0.083 0.869 0.366 0.498 0.644 0.834 0.720 0.600 0.616 0.979 0.509 0.719 0.799 0.219 0.972 0.210 0.261 0.109 0.101 0.984 0.298 0.663 0.378 0.830 0.938 0.747 0.676 0.345 0.453 0.136 0.810 0.944 0.218 0.147 0.283 0.361 0.020 0.420 0.362 0.536 0.278 0.398 0.406 0.357 0.694 0.395 0.486 0.554 0.717 0.570 0.338 0.216 0.913 0.667 0.840 0.980 0.494 0.148 0.258 0.715 0.530 0.167 0.883 0.923 0.534 1.000 0.919 0.274 0.947 0.617 0.092 0.983 0.692 0.356 0.790 0.562 0.656 0.271 0.948 0.683 0.974 0.201 0.481 0.788 0.705 0.361 0.097 0.073 0.755 0.988 0.702 0.505 0.368 0.074 0.173 0.091 0.532 0.472 0.274 0.943 0.093 0.469 0.129 0.788 0.444 0.647 0.740 0.608 0.336 0.908 0.698 0.342 0.739 0.918 0.610 0.430 0.872 0.421 0.979 0.089 0.813 0.588 0.180 0.981 0.603 0.507 0.721 0.275 0.311 0.936 0.757 0.571 0.189 0.275 0.341 0.192 0.086 0.355 
ofv: 45.000000
Best time: 20.842
Total time:30.269 


Instance: ..\Instances\york.txt
RKO: PSO | PSO | PSO | PSO | 
Sol: 0.948 0.271 0.810 0.842 0.724 0.592 0.506 0.217 0.006 0.107 0.468 0.788 0.515 0.508 0.007 0.961 0.302 0.027 0.366 0.489 0.817 0.012 0.149 0.022 0.633 0.249 0.753 0.855 0.056 0.290 0.134 0.317 0.632 0.114 0.116 0.958 0.963 0.541 0.669 0.389 0.071 0.050 0.798 0.754 0.287 0.115 0.796 0.803 0.906 0.741 0.017 0.915 0.371 0.843 0.462 0.276 0.186 0.225 0.099 0.312 0.423 0.220 0.705 0.007 0.821 0.075 0.906 0.704 0.996 0.851 0.486 0.258 0.227 0.368 0.458 0.643 0.723 0.168 0.682 0.895 0.235 0.570 0.728 0.385 0.994 0.978 0.782 0.213 0.132 0.224 0.365 0.636 0.696 0.029 0.870 0.906 0.596 0.212 0.151 0.006 0.959 0.412 0.996 0.151 0.574 0.821 0.878 0.930 0.001 0.425 0.107 0.573 0.955 0.921 0.247 0.701 0.372 0.126 0.467 0.307 0.126 0.216 0.342 0.975 0.260 0.817 0.510 0.149 0.726 0.025 0.626 0.238 0.538 0.869 0.988 0.269 0.776 0.761 0.402 0.416 0.496 0.464 0.707 0.010 0.422 0.579 0.512 0.099 0.031 0.872 0.385 0.030 0.113 0.146 0.187 0.051 0.296 0.647 0.736 0.905 0.824 0.001 0.109 0.423 0.218 0.270 0.232 0.067 0.776 0.056 0.667 0.719 0.838 0.103 0.738 0.368 0.757 0.185 0.740 0.831 0.548 0.318 0.569 0.210 0.982 0.997 0.755 0.578 0.849 0.796 0.725 0.244 0.901 0.867 0.741 0.092 0.846 0.945 0.261 0.472 0.147 0.990 0.867 0.565 0.408 0.997 0.145 0.105 0.430 0.999 0.440 0.696 0.940 0.894 0.855 0.060 0.643 0.064 0.606 0.763 0.532 0.353 0.555 0.591 0.745 0.977 0.584 0.150 0.917 0.725 0.586 0.726 0.731 0.898 0.856 0.599 0.698 0.367 0.578 0.864 0.498 0.143 0.019 0.919 0.007 0.804 0.495 0.516 0.791 0.619 0.809 0.277 0.168 0.335 0.912 0.191 0.889 0.480 0.611 0.584 0.277 0.851 0.417 0.667 0.151 0.909 0.547 0.980 0.199 0.860 0.537 0.708 0.912 0.249 0.986 0.757 0.870 0.135 0.831 0.859 0.293 0.818 0.750 0.068 0.137 0.382 0.991 0.074 0.161 0.349 0.570 0.018 0.507 0.456 0.661 0.572 0.844 0.738 0.701 0.465 0.137 0.568 0.149 0.362 0.142 0.696 0.038 0.553 0.317 0.301 0.854 0.041 0.696 0.643 0.704 0.569 0.457 0.150 0.416 0.870 0.342 0.755 0.494 0.870 0.033 0.020 0.195 0.031 0.160 0.749 0.292 0.409 0.028 0.432 0.810 0.796 0.006 0.104 0.683 0.955 0.253 0.544 0.474 0.568 0.151 0.129 0.164 0.802 0.115 0.847 0.490 0.703 0.153 0.727 0.765 0.258 0.672 0.148 0.077 0.159 0.683 0.071 0.745 0.390 0.641 0.040 0.093 0.469 0.214 0.094 0.899 0.063 0.351 0.469 0.463 0.222 0.594 0.095 0.952 0.971 0.671 0.174 0.782 0.262 0.378 0.632 0.276 0.281 0.008 0.465 0.978 0.010 0.603 0.390 0.681 0.730 0.543 0.133 0.570 0.902 0.379 0.855 0.934 0.330 0.638 0.768 0.910 0.565 0.553 0.543 0.910 0.010 0.545 0.496 0.530 0.665 0.011 0.163 0.393 0.095 0.142 0.163 0.038 0.364 0.654 0.893 0.814 0.286 0.326 0.756 0.469 0.968 0.219 0.272 0.005 0.338 0.824 0.927 0.611 0.154 0.473 0.034 0.509 0.954 0.673 0.659 0.767 0.707 0.290 0.301 0.270 0.652 0.542 0.390 0.340 0.235 0.507 0.636 0.160 0.293 0.957 0.876 0.957 0.001 0.970 0.033 0.945 0.152 0.044 0.933 0.498 0.108 0.469 0.946 0.607 0.259 0.474 0.749 0.042 0.542 0.399 0.210 0.215 0.923 0.409 0.862 0.232 0.709 0.039 0.464 0.593 0.477 0.484 0.293 0.890 0.593 0.119 0.624 0.301 0.540 0.070 0.131 0.793 0.965 0.946 0.983 0.383 0.959 0.906 0.482 0.980 0.339 0.155 0.614 0.892 0.080 0.469 0.994 0.301 0.753 0.513 0.461 0.465 0.696 0.570 0.517 0.467 0.922 0.029 0.670 0.759 0.562 0.711 0.266 0.732 0.554 0.583 0.859 0.991 0.389 0.826 0.039 0.733 0.189 0.476 0.073 0.756 0.373 0.999 0.646 0.368 0.068 0.402 0.553 0.706 0.403 0.621 0.331 0.517 0.717 0.806 0.588 0.933 0.214 0.364 0.871 0.888 0.292 0.579 0.483 0.282 0.919 0.102 0.288 0.281 0.523 0.824 0.359 0.973 0.355 0.147 0.668 0.679 0.308 0.968 0.910 0.784 0.331 0.318 0.281 0.469 0.735 0.153 0.084 0.604 0.853 0.803 0.910 0.668 0.063 0.746 0.333 0.116 0.267 0.934 0.759 0.351 0.632 0.865 0.132 0.374 0.102 0.644 0.619 0.071 0.487 0.568 0.925 0.301 0.517 0.475 0.990 0.547 0.397 0.402 0.062 0.094 0.300 0.650 0.206 0.164 0.592 0.693 0.035 0.706 0.344 0.410 0.511 0.456 0.937 0.060 0.875 0.586 0.746 0.385 0.522 0.511 0.287 0.790 0.832 0.521 0.695 0.922 0.252 0.084 0.221 0.136 0.658 0.848 0.066 0.841 0.391 0.646 0.454 0.220 0.524 0.795 0.620 0.969 0.269 0.317 0.818 0.508 0.226 0.572 0.408 0.605 0.016 0.987 0.565 0.709 0.498 0.919 0.702 0.895 0.716 0.133 0.170 0.903 0.425 0.975 0.514 0.011 0.869 0.194 0.814 0.659 0.599 0.939 0.797 0.678 0.615 0.742 0.308 0.666 0.569 0.443 0.108 0.998 0.209 0.823 0.565 0.806 0.683 0.250 0.527 0.265 0.813 0.348 0.963 0.232 0.231 0.442 0.682 0.535 0.368 0.373 0.678 0.510 0.549 0.209 0.646 0.695 0.538 0.964 1.000 0.554 0.955 0.994 0.449 0.497 0.993 0.315 0.199 0.215 0.574 0.738 0.123 0.203 0.032 0.128 0.626 0.175 0.071 0.460 0.273 0.217 0.606 0.537 0.252 0.913 0.994 0.808 0.959 0.542 0.951 0.318 0.167 0.997 0.951 0.744 0.050 0.397 0.705 0.119 0.344 0.476 0.205 0.316 0.989 0.142 0.532 0.824 0.134 0.759 0.116 0.587 0.940 0.150 0.217 0.211 0.155 0.483 0.286 0.837 0.187 0.535 0.530 0.768 0.285 0.250 0.750 0.254 0.582 0.739 0.174 0.513 0.304 0.884 0.917 0.272 0.849 0.263 0.422 0.824 0.816 0.876 0.675 0.981 0.788 0.856 0.250 0.176 0.510 0.871 0.467 0.137 0.757 0.107 0.347 0.890 0.095 0.613 0.610 0.422 0.621 0.131 0.264 0.762 0.754 0.074 0.364 0.989 0.489 0.758 0.286 0.339 0.518 0.352 0.465 0.855 0.456 0.464 0.037 0.536 0.205 0.409 0.373 0.595 0.780 0.221 0.369 0.321 0.063 0.538 0.744 0.106 0.425 0.682 0.764 0.477 0.754 0.482 0.503 0.595 0.020 0.085 0.608 0.851 0.665 0.352 0.232 0.708 0.653 0.365 0.502 0.836 0.613 0.391 0.283 0.365 0.305 0.428 0.897 0.354 0.838 0.383 0.077 0.729 0.570 0.682 0.316 0.249 0.203 0.773 0.424 0.974 0.483 0.032 0.056 0.282 0.812 0.857 0.951 0.600 0.262 0.383 0.922 0.829 0.257 0.120 0.424 0.282 0.981 0.472 0.422 0.635 0.211 0.298 0.217 0.708 0.655 0.673 0.552 0.153 0.764 0.570 0.257 0.915 0.295 0.943 0.475 0.141 0.600 0.589 0.177 0.611 0.804 0.294 0.487 0.342 0.246 0.049 0.773 0.389 0.251 0.194 0.481 0.300 0.900 0.757 0.683 0.812 0.019 0.949 0.289 0.553 0.533 0.692 0.777 0.585 0.643 0.952 0.778 0.929 0.193 0.299 0.166 0.994 0.783 0.860 0.639 0.390 0.634 0.455 0.746 0.087 0.978 0.376 0.734 0.018 0.360 0.391 0.255 0.919 0.237 0.112 0.551 0.823 0.454 0.938 0.799 0.897 0.646 0.775 0.325 0.769 0.084 0.120 0.401 0.824 0.778 0.881 0.690 0.925 0.556 0.780 0.469 0.816 0.312 0.993 0.109 0.485 0.123 0.361 0.778 0.418 0.382 0.759 0.341 0.475 0.412 0.584 0.643 0.360 0.900 0.904 0.110 0.986 0.247 0.348 0.130 0.967 0.890 
ofv: 45.000000
Best time: 22.453
Total time:30.167 
